--contents
INSERT INTO public."Contents" ("Id", "Path", "ContentType", "CreatedAt", "UpdatedAt") VALUES ('e63884e7-1135-463f-9e1e-2db5d5b157c9', 'e63884e7-1135-463f-9e1e-2db5d5b157c9', 'image/jpeg', '2023-09-26 19:53:19.177971 +00:00', null);
INSERT INTO public."Contents" ("Id", "Path", "ContentType", "CreatedAt", "UpdatedAt") VALUES ('8cb6533e-a5d3-4831-a6c4-63f6acced738', '8cb6533e-a5d3-4831-a6c4-63f6acced738', 'image/jpeg', '2023-09-26 19:52:51.450097 +00:00', null);
INSERT INTO public."Contents" ("Id", "Path", "ContentType", "CreatedAt", "UpdatedAt") VALUES ('3724fa63-0b97-4cce-89ef-9cf0b06f4645', '3724fa63-0b97-4cce-89ef-9cf0b06f4645', 'image/jpeg', '2023-09-26 19:53:47.840000 +00:00', null);
INSERT INTO public."Contents" ("Id", "Path", "ContentType", "CreatedAt", "UpdatedAt") VALUES ('1d5b6a74-bd2b-465d-a7ae-65d2303a34b6', 'test.com', 'video', '2023-10-01 16:59:49.996000 +00:00', null);
INSERT INTO public."Contents" ("Id", "Path", "ContentType", "CreatedAt", "UpdatedAt") VALUES ('6ba3feab-50f3-4dd1-b026-33f31eee8441', 'test.com', 'video', '2023-10-01 17:08:13.555000 +00:00', null);
INSERT INTO public."Contents" ("Id", "Path", "ContentType", "CreatedAt", "UpdatedAt") VALUES ('486f91e9-f399-4167-8361-091e540f7eaf', '486f91e9-f399-4167-8361-091e540f7eaf', 'image/jpeg', '2023-10-17 17:26:37.335070 +00:00', null);
INSERT INTO public."Contents" ("Id", "Path", "ContentType", "CreatedAt", "UpdatedAt") VALUES ('017298da-c704-45c7-8905-a7df701e91f5', '017298da-c704-45c7-8905-a7df701e91f5', 'image/webp', '2023-11-02 21:53:32.738184 +00:00', null);
INSERT INTO public."Contents" ("Id", "Path", "ContentType", "CreatedAt", "UpdatedAt") VALUES ('b716de00-984f-4881-b59c-e551935a241e', 'b716de00-984f-4881-b59c-e551935a241e', 'image/webp', '2023-11-02 21:53:32.738106 +00:00', null);
INSERT INTO public."Contents" ("Id", "Path", "ContentType", "CreatedAt", "UpdatedAt") VALUES ('c20453f8-c34f-4808-9de3-21cc7b7f7ff7', 'c20453f8-c34f-4808-9de3-21cc7b7f7ff7', 'image/webp', '2023-11-02 21:53:32.738184 +00:00', null);
INSERT INTO public."Contents" ("Id", "Path", "ContentType", "CreatedAt", "UpdatedAt") VALUES ('dc02c961-1921-448e-8bf9-9572e19c3df4', 'dc02c961-1921-448e-8bf9-9572e19c3df4', 'image/jpeg', '2023-11-02 21:53:32.737911 +00:00', null);
INSERT INTO public."Contents" ("Id", "Path", "ContentType", "CreatedAt", "UpdatedAt") VALUES ('0c2ac21d-8916-41e0-bd44-e9b766ccf0cb', 'test.com', 'video', '2023-11-02 21:56:29.486118 +00:00', null);
INSERT INTO public."Contents" ("Id", "Path", "ContentType", "CreatedAt", "UpdatedAt") VALUES ('a56a1b2d-d07a-4ae0-aa33-5ce366b2b94b', 'test.com', 'video', '2023-11-02 21:56:29.486117 +00:00', null);
--media
INSERT INTO public."Media" ("Id", "Title", "Details_Runtime", "Details_Certificate", "Details_Storyline", "Details_Tagline", "Details_ReleaseDate", "Details_CountryOfOrigin", "Details_Language", "Details_FilmingLocations", "TechnicalSpecs_Color", "TechnicalSpecs_AspectRatio", "TechnicalSpecs_SoundMix", "TechnicalSpecs_Camera", "TechnicalSpecs_NegativeFormat", "CurrentPosition", "PosterId", "TrailerId", "Discriminator", "SequelId", "SequelTitle", "PrequelId", "PrequelTitle", "BasicStatistics_Rating", "BasicStatistics_Votes", "BasicStatistics_ReviewCount", "BasicStatistics_OnWatchlistCount", "SeasonCount", "EpisodeCount", "SeriesEnded", "CreatedAt", "UpdatedAt") VALUES ('8411a4b6-6416-4a16-a169-ea801bd3ede3', 'Latarnik', null, null, null, null, '1977-02-20 00:00:00.000000 +00:00', null, null, null, null, null, null, null, null, 13, null, null, 'Series', null, null, null, null, 0.0, 0, 0, 0, 127, 0, null, '2023-09-17 11:41:04.599712 +00:00', null);
INSERT INTO public."Media" ("Id", "Title", "Details_Runtime", "Details_Certificate", "Details_Storyline", "Details_Tagline", "Details_ReleaseDate", "Details_CountryOfOrigin", "Details_Language", "Details_FilmingLocations", "TechnicalSpecs_Color", "TechnicalSpecs_AspectRatio", "TechnicalSpecs_SoundMix", "TechnicalSpecs_Camera", "TechnicalSpecs_NegativeFormat", "CurrentPosition", "PosterId", "TrailerId", "Discriminator", "SequelId", "SequelTitle", "PrequelId", "PrequelTitle", "BasicStatistics_Rating", "BasicStatistics_Votes", "BasicStatistics_ReviewCount", "BasicStatistics_OnWatchlistCount", "SeasonCount", "EpisodeCount", "SeriesEnded", "CreatedAt", "UpdatedAt") VALUES ('27350afa-e9b6-42b9-8f5d-c3a7d5e6ee6d', 'Ninjago', null, null, null, null, '2020-11-11 00:00:00.000000 +00:00', null, null, null, null, null, null, null, null, 27, null, null, 'Series', null, null, null, null, 0.0, 0, 0, 0, 1, 0, null, '2023-09-17 11:41:04.599710 +00:00', null);
INSERT INTO public."Media" ("Id", "Title", "Details_Runtime", "Details_Certificate", "Details_Storyline", "Details_Tagline", "Details_ReleaseDate", "Details_CountryOfOrigin", "Details_Language", "Details_FilmingLocations", "TechnicalSpecs_Color", "TechnicalSpecs_AspectRatio", "TechnicalSpecs_SoundMix", "TechnicalSpecs_Camera", "TechnicalSpecs_NegativeFormat", "CurrentPosition", "PosterId", "TrailerId", "Discriminator", "SequelId", "SequelTitle", "PrequelId", "PrequelTitle", "BasicStatistics_Rating", "BasicStatistics_Votes", "BasicStatistics_ReviewCount", "BasicStatistics_OnWatchlistCount", "SeasonCount", "EpisodeCount", "SeriesEnded", "CreatedAt", "UpdatedAt") VALUES ('b5939765-861d-4637-8370-d4e5afc51dd8', 'Game of Thrones', null, null, null, null, '2020-02-20 00:00:00.000000 +00:00', null, null, null, null, null, null, null, null, 34, null, null, 'Series', null, null, null, null, 0.0, 0, 0, 0, 8, 0, null, '2023-09-17 11:41:04.599706 +00:00', null);
INSERT INTO public."Media" ("Id", "Title", "Details_Runtime", "Details_Certificate", "Details_Storyline", "Details_Tagline", "Details_ReleaseDate", "Details_CountryOfOrigin", "Details_Language", "Details_FilmingLocations", "TechnicalSpecs_Color", "TechnicalSpecs_AspectRatio", "TechnicalSpecs_SoundMix", "TechnicalSpecs_Camera", "TechnicalSpecs_NegativeFormat", "CurrentPosition", "PosterId", "TrailerId", "Discriminator", "SequelId", "SequelTitle", "PrequelId", "PrequelTitle", "BasicStatistics_Rating", "BasicStatistics_Votes", "BasicStatistics_ReviewCount", "BasicStatistics_OnWatchlistCount", "SeasonCount", "EpisodeCount", "SeriesEnded", "CreatedAt", "UpdatedAt") VALUES ('86a294b4-c90b-46c5-b161-29d6acf7d4a1', 'Power Rangers', null, null, null, null, '2018-02-20 00:00:00.000000 +00:00', null, null, null, null, null, null, null, null, 14, null, null, 'Series', null, null, null, null, 0.0, 0, 0, 0, 1, 0, null, '2023-09-17 11:41:04.599699 +00:00', null);
INSERT INTO public."Media" ("Id", "Title", "Details_Runtime", "Details_Certificate", "Details_Storyline", "Details_Tagline", "Details_ReleaseDate", "Details_CountryOfOrigin", "Details_Language", "Details_FilmingLocations", "TechnicalSpecs_Color", "TechnicalSpecs_AspectRatio", "TechnicalSpecs_SoundMix", "TechnicalSpecs_Camera", "TechnicalSpecs_NegativeFormat", "CurrentPosition", "PosterId", "TrailerId", "Discriminator", "SequelId", "SequelTitle", "PrequelId", "PrequelTitle", "BasicStatistics_Rating", "BasicStatistics_Votes", "BasicStatistics_ReviewCount", "BasicStatistics_OnWatchlistCount", "SeasonCount", "EpisodeCount", "SeriesEnded", "CreatedAt", "UpdatedAt") VALUES ('1153d480-8dfd-4250-b529-34c909d0c240', 'The Bear', null, null, null, null, '2025-02-20 00:00:00.000000 +00:00', null, null, null, null, null, null, null, null, 6, null, null, 'Series', null, null, null, null, 0.0, 0, 0, 0, 2, 0, null, '2023-09-17 11:41:04.599714 +00:00', null);
INSERT INTO public."Media" ("Id", "Title", "Details_Runtime", "Details_Certificate", "Details_Storyline", "Details_Tagline", "Details_ReleaseDate", "Details_CountryOfOrigin", "Details_Language", "Details_FilmingLocations", "TechnicalSpecs_Color", "TechnicalSpecs_AspectRatio", "TechnicalSpecs_SoundMix", "TechnicalSpecs_Camera", "TechnicalSpecs_NegativeFormat", "CurrentPosition", "PosterId", "TrailerId", "Discriminator", "SequelId", "SequelTitle", "PrequelId", "PrequelTitle", "BasicStatistics_Rating", "BasicStatistics_Votes", "BasicStatistics_ReviewCount", "BasicStatistics_OnWatchlistCount", "SeasonCount", "EpisodeCount", "SeriesEnded", "CreatedAt", "UpdatedAt") VALUES ('edfb9107-5e13-4a6c-a142-5d8eac0aa29d', 'Deadpool', null, null, null, null, '2024-12-31 00:00:00.000000 +00:00', null, null, null, null, null, null, null, null, 5, null, null, 'Movie', null, null, null, null, 0.0, 0, 0, 0, null, null, null, '2023-09-17 11:41:04.599686 +00:00', null);
INSERT INTO public."Media" ("Id", "Title", "Details_Runtime", "Details_Certificate", "Details_Storyline", "Details_Tagline", "Details_ReleaseDate", "Details_CountryOfOrigin", "Details_Language", "Details_FilmingLocations", "TechnicalSpecs_Color", "TechnicalSpecs_AspectRatio", "TechnicalSpecs_SoundMix", "TechnicalSpecs_Camera", "TechnicalSpecs_NegativeFormat", "CurrentPosition", "PosterId", "TrailerId", "Discriminator", "SequelId", "SequelTitle", "PrequelId", "PrequelTitle", "BasicStatistics_Rating", "BasicStatistics_Votes", "BasicStatistics_ReviewCount", "BasicStatistics_OnWatchlistCount", "SeasonCount", "EpisodeCount", "SeriesEnded", "CreatedAt", "UpdatedAt") VALUES ('f6e96d28-9a55-4979-9afd-dcd369022ecb', 'Arcane', null, null, null, null, '2021-02-20 00:00:00.000000 +00:00', null, null, null, null, null, null, null, null, 35, null, null, 'Series', null, null, null, null, 0.0, 0, 0, 0, 1, 0, null, '2023-09-17 11:41:04.599697 +00:00', null);
INSERT INTO public."Media" ("Id", "Title", "Details_Runtime", "Details_Certificate", "Details_Storyline", "Details_Tagline", "Details_ReleaseDate", "Details_CountryOfOrigin", "Details_Language", "Details_FilmingLocations", "TechnicalSpecs_Color", "TechnicalSpecs_AspectRatio", "TechnicalSpecs_SoundMix", "TechnicalSpecs_Camera", "TechnicalSpecs_NegativeFormat", "CurrentPosition", "PosterId", "TrailerId", "Discriminator", "SequelId", "SequelTitle", "PrequelId", "PrequelTitle", "BasicStatistics_Rating", "BasicStatistics_Votes", "BasicStatistics_ReviewCount", "BasicStatistics_OnWatchlistCount", "SeasonCount", "EpisodeCount", "SeriesEnded", "CreatedAt", "UpdatedAt") VALUES ('2b24cdb9-e48f-4488-a5cc-e09f26a223ac', 'Punisher', null, null, null, null, '1977-02-20 00:00:00.000000 +00:00', null, null, null, null, null, null, null, null, 8, null, null, 'Series', null, null, null, null, 0.0, 0, 0, 0, 127, 0, null, '2023-09-17 11:41:04.599715 +00:00', null);
INSERT INTO public."Media" ("Id", "Title", "Details_Runtime", "Details_Certificate", "Details_Storyline", "Details_Tagline", "Details_ReleaseDate", "Details_CountryOfOrigin", "Details_Language", "Details_FilmingLocations", "TechnicalSpecs_Color", "TechnicalSpecs_AspectRatio", "TechnicalSpecs_SoundMix", "TechnicalSpecs_Camera", "TechnicalSpecs_NegativeFormat", "CurrentPosition", "PosterId", "TrailerId", "Discriminator", "SequelId", "SequelTitle", "PrequelId", "PrequelTitle", "BasicStatistics_Rating", "BasicStatistics_Votes", "BasicStatistics_ReviewCount", "BasicStatistics_OnWatchlistCount", "SeasonCount", "EpisodeCount", "SeriesEnded", "CreatedAt", "UpdatedAt") VALUES ('6d662323-630f-409a-919b-8bbff74758c5', 'Ballers', null, null, null, null, '2022-02-20 00:00:00.000000 +00:00', null, null, null, null, null, null, null, null, 12, null, null, 'Series', null, null, null, null, 0.0, 0, 0, 0, 5, 0, null, '2023-09-17 11:41:04.599709 +00:00', null);
INSERT INTO public."Media" ("Id", "Title", "Details_Runtime", "Details_Certificate", "Details_Storyline", "Details_Tagline", "Details_ReleaseDate", "Details_CountryOfOrigin", "Details_Language", "Details_FilmingLocations", "TechnicalSpecs_Color", "TechnicalSpecs_AspectRatio", "TechnicalSpecs_SoundMix", "TechnicalSpecs_Camera", "TechnicalSpecs_NegativeFormat", "CurrentPosition", "PosterId", "TrailerId", "Discriminator", "SequelId", "SequelTitle", "PrequelId", "PrequelTitle", "BasicStatistics_Rating", "BasicStatistics_Votes", "BasicStatistics_ReviewCount", "BasicStatistics_OnWatchlistCount", "SeasonCount", "EpisodeCount", "SeriesEnded", "CreatedAt", "UpdatedAt") VALUES ('b2903bc8-5a33-46ab-8061-935b040e20b4', 'Resident Evil', null, null, null, null, '2017-02-20 00:00:00.000000 +00:00', null, null, null, null, null, null, null, null, 36, null, null, 'Series', null, null, null, null, 0.0, 0, 0, 0, 12, 0, null, '2023-09-17 11:41:04.599701 +00:00', null);
INSERT INTO public."Media" ("Id", "Title", "Details_Runtime", "Details_Certificate", "Details_Storyline", "Details_Tagline", "Details_ReleaseDate", "Details_CountryOfOrigin", "Details_Language", "Details_FilmingLocations", "TechnicalSpecs_Color", "TechnicalSpecs_AspectRatio", "TechnicalSpecs_SoundMix", "TechnicalSpecs_Camera", "TechnicalSpecs_NegativeFormat", "CurrentPosition", "PosterId", "TrailerId", "Discriminator", "SequelId", "SequelTitle", "PrequelId", "PrequelTitle", "BasicStatistics_Rating", "BasicStatistics_Votes", "BasicStatistics_ReviewCount", "BasicStatistics_OnWatchlistCount", "SeasonCount", "EpisodeCount", "SeriesEnded", "CreatedAt", "UpdatedAt") VALUES ('041fa143-11e9-491b-8569-874d79383764', 'Hunters', null, null, null, null, '2021-02-20 00:00:00.000000 +00:00', null, null, null, null, null, null, null, null, 30, null, null, 'Series', null, null, null, null, 0.0, 0, 0, 0, 0, 0, null, '2023-09-17 11:41:04.599711 +00:00', null);
INSERT INTO public."Media" ("Id", "Title", "Details_Runtime", "Details_Certificate", "Details_Storyline", "Details_Tagline", "Details_ReleaseDate", "Details_CountryOfOrigin", "Details_Language", "Details_FilmingLocations", "TechnicalSpecs_Color", "TechnicalSpecs_AspectRatio", "TechnicalSpecs_SoundMix", "TechnicalSpecs_Camera", "TechnicalSpecs_NegativeFormat", "CurrentPosition", "PosterId", "TrailerId", "Discriminator", "SequelId", "SequelTitle", "PrequelId", "PrequelTitle", "BasicStatistics_Rating", "BasicStatistics_Votes", "BasicStatistics_ReviewCount", "BasicStatistics_OnWatchlistCount", "SeasonCount", "EpisodeCount", "SeriesEnded", "CreatedAt", "UpdatedAt") VALUES ('3f11662f-4346-4802-bc64-066c544e4c05', 'The Last of Us', null, null, null, null, '2021-02-20 00:00:00.000000 +00:00', null, null, null, null, null, null, null, null, 45, null, null, 'Series', null, null, null, null, 0.0, 0, 0, 0, 6, 0, null, '2023-09-17 11:41:04.599705 +00:00', null);
INSERT INTO public."Media" ("Id", "Title", "Details_Runtime", "Details_Certificate", "Details_Storyline", "Details_Tagline", "Details_ReleaseDate", "Details_CountryOfOrigin", "Details_Language", "Details_FilmingLocations", "TechnicalSpecs_Color", "TechnicalSpecs_AspectRatio", "TechnicalSpecs_SoundMix", "TechnicalSpecs_Camera", "TechnicalSpecs_NegativeFormat", "CurrentPosition", "PosterId", "TrailerId", "Discriminator", "SequelId", "SequelTitle", "PrequelId", "PrequelTitle", "BasicStatistics_Rating", "BasicStatistics_Votes", "BasicStatistics_ReviewCount", "BasicStatistics_OnWatchlistCount", "SeasonCount", "EpisodeCount", "SeriesEnded", "CreatedAt", "UpdatedAt") VALUES ('9a87e448-9062-48bb-855b-7e7f28eab8a0', 'Lucifer', null, null, null, null, '2022-02-20 00:00:00.000000 +00:00', null, null, null, null, null, null, null, null, 20, null, null, 'Series', null, null, null, null, 0.0, 0, 0, 0, 25, 0, null, '2023-09-17 11:41:04.599698 +00:00', null);
INSERT INTO public."Media" ("Id", "Title", "Details_Runtime", "Details_Certificate", "Details_Storyline", "Details_Tagline", "Details_ReleaseDate", "Details_CountryOfOrigin", "Details_Language", "Details_FilmingLocations", "TechnicalSpecs_Color", "TechnicalSpecs_AspectRatio", "TechnicalSpecs_SoundMix", "TechnicalSpecs_Camera", "TechnicalSpecs_NegativeFormat", "CurrentPosition", "PosterId", "TrailerId", "Discriminator", "SequelId", "SequelTitle", "PrequelId", "PrequelTitle", "BasicStatistics_Rating", "BasicStatistics_Votes", "BasicStatistics_ReviewCount", "BasicStatistics_OnWatchlistCount", "SeasonCount", "EpisodeCount", "SeriesEnded", "CreatedAt", "UpdatedAt") VALUES ('c8488872-4b87-489b-a8f4-4c7e9e41d5a9', 'Avatar 5', null, null, null, null, '2031-10-13 00:00:00.000000 +00:00', null, null, null, null, null, null, null, null, 2, null, null, 'Movie', null, null, null, null, 0.0, 0, 0, 0, null, null, null, '2023-09-17 11:41:04.599688 +00:00', null);
INSERT INTO public."Media" ("Id", "Title", "Details_Runtime", "Details_Certificate", "Details_Storyline", "Details_Tagline", "Details_ReleaseDate", "Details_CountryOfOrigin", "Details_Language", "Details_FilmingLocations", "TechnicalSpecs_Color", "TechnicalSpecs_AspectRatio", "TechnicalSpecs_SoundMix", "TechnicalSpecs_Camera", "TechnicalSpecs_NegativeFormat", "CurrentPosition", "PosterId", "TrailerId", "Discriminator", "SequelId", "SequelTitle", "PrequelId", "PrequelTitle", "BasicStatistics_Rating", "BasicStatistics_Votes", "BasicStatistics_ReviewCount", "BasicStatistics_OnWatchlistCount", "SeasonCount", "EpisodeCount", "SeriesEnded", "CreatedAt", "UpdatedAt") VALUES ('5daedcde-5255-11ee-be56-0242ac120009', 'The Queen''s Gambit', null, 7, null, null, '2022-11-11 00:00:00.000000 +00:00', null, null, null, null, null, null, null, null, 41, null, null, 'Series', null, null, null, null, 0.0, 0, 0, 0, 1, 0, null, '2023-09-17 11:41:04.599695 +00:00', null);
INSERT INTO public."Media" ("Id", "Title", "Details_Runtime", "Details_Certificate", "Details_Storyline", "Details_Tagline", "Details_ReleaseDate", "Details_CountryOfOrigin", "Details_Language", "Details_FilmingLocations", "TechnicalSpecs_Color", "TechnicalSpecs_AspectRatio", "TechnicalSpecs_SoundMix", "TechnicalSpecs_Camera", "TechnicalSpecs_NegativeFormat", "CurrentPosition", "PosterId", "TrailerId", "Discriminator", "SequelId", "SequelTitle", "PrequelId", "PrequelTitle", "BasicStatistics_Rating", "BasicStatistics_Votes", "BasicStatistics_ReviewCount", "BasicStatistics_OnWatchlistCount", "SeasonCount", "EpisodeCount", "SeriesEnded", "CreatedAt", "UpdatedAt") VALUES ('0e06c2d8-bc3c-4097-bf5b-1ad3385a77f3', 'The Wolf of Wall Street', null, null, null, null, '2017-03-31 00:00:00.000000 +00:00', null, null, null, null, null, null, null, null, 19, null, null, 'Movie', null, null, null, null, 0.0, 0, 0, 0, null, null, null, '2023-09-17 11:41:04.599682 +00:00', null);
INSERT INTO public."Media" ("Id", "Title", "Details_Runtime", "Details_Certificate", "Details_Storyline", "Details_Tagline", "Details_ReleaseDate", "Details_CountryOfOrigin", "Details_Language", "Details_FilmingLocations", "TechnicalSpecs_Color", "TechnicalSpecs_AspectRatio", "TechnicalSpecs_SoundMix", "TechnicalSpecs_Camera", "TechnicalSpecs_NegativeFormat", "CurrentPosition", "PosterId", "TrailerId", "Discriminator", "SequelId", "SequelTitle", "PrequelId", "PrequelTitle", "BasicStatistics_Rating", "BasicStatistics_Votes", "BasicStatistics_ReviewCount", "BasicStatistics_OnWatchlistCount", "SeasonCount", "EpisodeCount", "SeriesEnded", "CreatedAt", "UpdatedAt") VALUES ('aef11aae-0a04-4b14-910f-b43bf1095f5b', 'Breaking Bad', null, null, null, null, '2020-02-20 00:00:00.000000 +00:00', null, null, null, null, null, null, null, null, 21, null, null, 'Series', null, null, null, null, 0.0, 0, 0, 0, 5, 0, null, '2023-09-17 11:41:04.599698 +00:00', null);
INSERT INTO public."Media" ("Id", "Title", "Details_Runtime", "Details_Certificate", "Details_Storyline", "Details_Tagline", "Details_ReleaseDate", "Details_CountryOfOrigin", "Details_Language", "Details_FilmingLocations", "TechnicalSpecs_Color", "TechnicalSpecs_AspectRatio", "TechnicalSpecs_SoundMix", "TechnicalSpecs_Camera", "TechnicalSpecs_NegativeFormat", "CurrentPosition", "PosterId", "TrailerId", "Discriminator", "SequelId", "SequelTitle", "PrequelId", "PrequelTitle", "BasicStatistics_Rating", "BasicStatistics_Votes", "BasicStatistics_ReviewCount", "BasicStatistics_OnWatchlistCount", "SeasonCount", "EpisodeCount", "SeriesEnded", "CreatedAt", "UpdatedAt") VALUES ('39d1c13d-e2f6-4497-9c72-4f7197dd0b5d', 'Ahsoka', null, null, null, null, '2024-11-11 00:00:00.000000 +00:00', null, null, null, null, null, null, null, null, 10, null, null, 'Series', null, null, null, null, 0.0, 0, 0, 0, 1, 0, null, '2023-09-17 11:41:04.599713 +00:00', null);
INSERT INTO public."Media" ("Id", "Title", "Details_Runtime", "Details_Certificate", "Details_Storyline", "Details_Tagline", "Details_ReleaseDate", "Details_CountryOfOrigin", "Details_Language", "Details_FilmingLocations", "TechnicalSpecs_Color", "TechnicalSpecs_AspectRatio", "TechnicalSpecs_SoundMix", "TechnicalSpecs_Camera", "TechnicalSpecs_NegativeFormat", "CurrentPosition", "PosterId", "TrailerId", "Discriminator", "SequelId", "SequelTitle", "PrequelId", "PrequelTitle", "BasicStatistics_Rating", "BasicStatistics_Votes", "BasicStatistics_ReviewCount", "BasicStatistics_OnWatchlistCount", "SeasonCount", "EpisodeCount", "SeriesEnded", "CreatedAt", "UpdatedAt") VALUES ('bbe620f4-13b1-4e1b-993e-bd1fff7e1344', 'Sherlock', null, null, null, null, '2021-02-20 00:00:00.000000 +00:00', null, null, null, null, null, null, null, null, 16, null, null, 'Series', null, null, null, null, 0.0, 0, 0, 0, 2, 0, null, '2023-09-17 11:41:04.599702 +00:00', null);
INSERT INTO public."Media" ("Id", "Title", "Details_Runtime", "Details_Certificate", "Details_Storyline", "Details_Tagline", "Details_ReleaseDate", "Details_CountryOfOrigin", "Details_Language", "Details_FilmingLocations", "TechnicalSpecs_Color", "TechnicalSpecs_AspectRatio", "TechnicalSpecs_SoundMix", "TechnicalSpecs_Camera", "TechnicalSpecs_NegativeFormat", "CurrentPosition", "PosterId", "TrailerId", "Discriminator", "SequelId", "SequelTitle", "PrequelId", "PrequelTitle", "BasicStatistics_Rating", "BasicStatistics_Votes", "BasicStatistics_ReviewCount", "BasicStatistics_OnWatchlistCount", "SeasonCount", "EpisodeCount", "SeriesEnded", "CreatedAt", "UpdatedAt") VALUES ('bbc81d3d-7c9a-42bf-9de0-8e2d500947a3', 'Peacemaker', null, null, null, null, '2021-02-20 00:00:00.000000 +00:00', null, null, null, null, null, null, null, null, 50, null, null, 'Series', null, null, null, null, 0.0, 0, 0, 0, 5, 0, null, '2023-09-17 11:41:04.599706 +00:00', null);
INSERT INTO public."Media" ("Id", "Title", "Details_Runtime", "Details_Certificate", "Details_Storyline", "Details_Tagline", "Details_ReleaseDate", "Details_CountryOfOrigin", "Details_Language", "Details_FilmingLocations", "TechnicalSpecs_Color", "TechnicalSpecs_AspectRatio", "TechnicalSpecs_SoundMix", "TechnicalSpecs_Camera", "TechnicalSpecs_NegativeFormat", "CurrentPosition", "PosterId", "TrailerId", "Discriminator", "SequelId", "SequelTitle", "PrequelId", "PrequelTitle", "BasicStatistics_Rating", "BasicStatistics_Votes", "BasicStatistics_ReviewCount", "BasicStatistics_OnWatchlistCount", "SeasonCount", "EpisodeCount", "SeriesEnded", "CreatedAt", "UpdatedAt") VALUES ('396a131b-56d3-4106-a92e-ec15bd7a0cc9', 'The Boys', null, null, null, null, '2025-06-06 00:00:00.000000 +00:00', null, null, null, null, null, null, null, null, 9, null, null, 'Series', null, null, null, null, 0.0, 0, 0, 0, 4, 0, null, '2023-09-17 11:41:04.599710 +00:00', null);
INSERT INTO public."Media" ("Id", "Title", "Details_Runtime", "Details_Certificate", "Details_Storyline", "Details_Tagline", "Details_ReleaseDate", "Details_CountryOfOrigin", "Details_Language", "Details_FilmingLocations", "TechnicalSpecs_Color", "TechnicalSpecs_AspectRatio", "TechnicalSpecs_SoundMix", "TechnicalSpecs_Camera", "TechnicalSpecs_NegativeFormat", "CurrentPosition", "PosterId", "TrailerId", "Discriminator", "SequelId", "SequelTitle", "PrequelId", "PrequelTitle", "BasicStatistics_Rating", "BasicStatistics_Votes", "BasicStatistics_ReviewCount", "BasicStatistics_OnWatchlistCount", "SeasonCount", "EpisodeCount", "SeriesEnded", "CreatedAt", "UpdatedAt") VALUES ('0fa72317-19f0-440a-be88-4993bc59923d', 'Peaky Blinders', null, null, null, null, '2022-02-20 00:00:00.000000 +00:00', null, null, null, null, null, null, null, null, 24, null, null, 'Series', null, null, null, null, 0.0, 0, 0, 0, 6, 0, null, '2023-09-17 11:41:04.599696 +00:00', null);
INSERT INTO public."Media" ("Id", "Title", "Details_Runtime", "Details_Certificate", "Details_Storyline", "Details_Tagline", "Details_ReleaseDate", "Details_CountryOfOrigin", "Details_Language", "Details_FilmingLocations", "TechnicalSpecs_Color", "TechnicalSpecs_AspectRatio", "TechnicalSpecs_SoundMix", "TechnicalSpecs_Camera", "TechnicalSpecs_NegativeFormat", "CurrentPosition", "PosterId", "TrailerId", "Discriminator", "SequelId", "SequelTitle", "PrequelId", "PrequelTitle", "BasicStatistics_Rating", "BasicStatistics_Votes", "BasicStatistics_ReviewCount", "BasicStatistics_OnWatchlistCount", "SeasonCount", "EpisodeCount", "SeriesEnded", "CreatedAt", "UpdatedAt") VALUES ('dd952014-d657-4e29-8bbc-5a12b94aafc3', 'Scooby Doo', null, null, null, null, '2018-02-20 00:00:00.000000 +00:00', null, null, null, null, null, null, null, null, 48, null, null, 'Series', null, null, null, null, 0.0, 0, 0, 0, 12, 0, null, '2023-09-17 11:41:04.599708 +00:00', null);
INSERT INTO public."Media" ("Id", "Title", "Details_Runtime", "Details_Certificate", "Details_Storyline", "Details_Tagline", "Details_ReleaseDate", "Details_CountryOfOrigin", "Details_Language", "Details_FilmingLocations", "TechnicalSpecs_Color", "TechnicalSpecs_AspectRatio", "TechnicalSpecs_SoundMix", "TechnicalSpecs_Camera", "TechnicalSpecs_NegativeFormat", "CurrentPosition", "PosterId", "TrailerId", "Discriminator", "SequelId", "SequelTitle", "PrequelId", "PrequelTitle", "BasicStatistics_Rating", "BasicStatistics_Votes", "BasicStatistics_ReviewCount", "BasicStatistics_OnWatchlistCount", "SeasonCount", "EpisodeCount", "SeriesEnded", "CreatedAt", "UpdatedAt") VALUES ('3c4dfe1d-8f7d-4aa6-a2ba-a8a8b6169cee', 'Daredevil', null, null, null, null, '2017-02-20 00:00:00.000000 +00:00', null, null, null, null, null, null, null, null, 44, null, null, 'Series', null, null, null, null, 0.0, 0, 0, 0, 12, 0, null, '2023-09-17 11:41:04.599718 +00:00', null);
INSERT INTO public."Media" ("Id", "Title", "Details_Runtime", "Details_Certificate", "Details_Storyline", "Details_Tagline", "Details_ReleaseDate", "Details_CountryOfOrigin", "Details_Language", "Details_FilmingLocations", "TechnicalSpecs_Color", "TechnicalSpecs_AspectRatio", "TechnicalSpecs_SoundMix", "TechnicalSpecs_Camera", "TechnicalSpecs_NegativeFormat", "CurrentPosition", "PosterId", "TrailerId", "Discriminator", "SequelId", "SequelTitle", "PrequelId", "PrequelTitle", "BasicStatistics_Rating", "BasicStatistics_Votes", "BasicStatistics_ReviewCount", "BasicStatistics_OnWatchlistCount", "SeasonCount", "EpisodeCount", "SeriesEnded", "CreatedAt", "UpdatedAt") VALUES ('982fe8b8-d392-4f7e-8a55-8fc19ea1448d', 'Billions Billions Billions Billions Billions Billions Billions Billions', null, null, null, null, '2003-02-20 00:00:00.000000 +00:00', null, null, null, null, null, null, null, null, 51, null, null, 'Series', null, null, null, null, 0.0, 0, 0, 0, 2, 0, null, '2023-09-17 11:41:04.599707 +00:00', null);
INSERT INTO public."Media" ("Id", "Title", "Details_Runtime", "Details_Certificate", "Details_Storyline", "Details_Tagline", "Details_ReleaseDate", "Details_CountryOfOrigin", "Details_Language", "Details_FilmingLocations", "TechnicalSpecs_Color", "TechnicalSpecs_AspectRatio", "TechnicalSpecs_SoundMix", "TechnicalSpecs_Camera", "TechnicalSpecs_NegativeFormat", "CurrentPosition", "PosterId", "TrailerId", "Discriminator", "SequelId", "SequelTitle", "PrequelId", "PrequelTitle", "BasicStatistics_Rating", "BasicStatistics_Votes", "BasicStatistics_ReviewCount", "BasicStatistics_OnWatchlistCount", "SeasonCount", "EpisodeCount", "SeriesEnded", "CreatedAt", "UpdatedAt") VALUES ('1bb77c25-1401-435a-a4bf-9a874f4ac1b8', 'Andor', null, null, null, null, '1977-02-20 00:00:00.000000 +00:00', null, null, null, null, null, null, null, null, 7, null, null, 'Series', null, null, null, null, 0.0, 0, 0, 0, 127, 0, null, '2023-09-17 11:41:04.599718 +00:00', null);
INSERT INTO public."Media" ("Id", "Title", "Details_Runtime", "Details_Certificate", "Details_Storyline", "Details_Tagline", "Details_ReleaseDate", "Details_CountryOfOrigin", "Details_Language", "Details_FilmingLocations", "TechnicalSpecs_Color", "TechnicalSpecs_AspectRatio", "TechnicalSpecs_SoundMix", "TechnicalSpecs_Camera", "TechnicalSpecs_NegativeFormat", "CurrentPosition", "PosterId", "TrailerId", "Discriminator", "SequelId", "SequelTitle", "PrequelId", "PrequelTitle", "BasicStatistics_Rating", "BasicStatistics_Votes", "BasicStatistics_ReviewCount", "BasicStatistics_OnWatchlistCount", "SeasonCount", "EpisodeCount", "SeriesEnded", "CreatedAt", "UpdatedAt") VALUES ('fe55a74e-b2fb-4bba-98f2-175c5132af60', 'The Dark Knight', null, null, null, null, '2024-12-31 00:00:00.000000 +00:00', null, null, null, null, null, null, null, null, 4, null, null, 'Movie', null, null, null, null, 0.0, 0, 0, 0, null, null, null, '2023-09-17 11:41:04.599684 +00:00', null);
INSERT INTO public."Media" ("Id", "Title", "Details_Runtime", "Details_Certificate", "Details_Storyline", "Details_Tagline", "Details_ReleaseDate", "Details_CountryOfOrigin", "Details_Language", "Details_FilmingLocations", "TechnicalSpecs_Color", "TechnicalSpecs_AspectRatio", "TechnicalSpecs_SoundMix", "TechnicalSpecs_Camera", "TechnicalSpecs_NegativeFormat", "CurrentPosition", "PosterId", "TrailerId", "Discriminator", "SequelId", "SequelTitle", "PrequelId", "PrequelTitle", "BasicStatistics_Rating", "BasicStatistics_Votes", "BasicStatistics_ReviewCount", "BasicStatistics_OnWatchlistCount", "SeasonCount", "EpisodeCount", "SeriesEnded", "CreatedAt", "UpdatedAt") VALUES ('c99ec4e9-4307-40ae-815d-d18a5c43baaf', 'Oppenheimer', null, null, null, null, '2022-12-31 00:00:00.000000 +00:00', null, null, null, null, null, null, null, null, 25, null, null, 'Movie', null, null, null, null, 0.0, 0, 0, 0, null, null, null, '2023-09-17 11:41:04.599684 +00:00', null);
INSERT INTO public."Media" ("Id", "Title", "Details_Runtime", "Details_Certificate", "Details_Storyline", "Details_Tagline", "Details_ReleaseDate", "Details_CountryOfOrigin", "Details_Language", "Details_FilmingLocations", "TechnicalSpecs_Color", "TechnicalSpecs_AspectRatio", "TechnicalSpecs_SoundMix", "TechnicalSpecs_Camera", "TechnicalSpecs_NegativeFormat", "CurrentPosition", "PosterId", "TrailerId", "Discriminator", "SequelId", "SequelTitle", "PrequelId", "PrequelTitle", "BasicStatistics_Rating", "BasicStatistics_Votes", "BasicStatistics_ReviewCount", "BasicStatistics_OnWatchlistCount", "SeasonCount", "EpisodeCount", "SeriesEnded", "CreatedAt", "UpdatedAt") VALUES ('2dae5997-59f4-4525-a054-5fc92efeb8b0', 'Euphoria', null, null, null, null, '2020-06-06 00:00:00.000000 +00:00', null, null, null, null, null, null, null, null, 32, null, '1d5b6a74-bd2b-465d-a7ae-65d2303a34b6', 'Series', null, null, null, null, 0.0, 0, 0, 0, 4, 0, null, '2023-09-17 11:41:04.599703 +00:00', null);
INSERT INTO public."Media" ("Id", "Title", "Details_Runtime", "Details_Certificate", "Details_Storyline", "Details_Tagline", "Details_ReleaseDate", "Details_CountryOfOrigin", "Details_Language", "Details_FilmingLocations", "TechnicalSpecs_Color", "TechnicalSpecs_AspectRatio", "TechnicalSpecs_SoundMix", "TechnicalSpecs_Camera", "TechnicalSpecs_NegativeFormat", "CurrentPosition", "PosterId", "TrailerId", "Discriminator", "SequelId", "SequelTitle", "PrequelId", "PrequelTitle", "BasicStatistics_Rating", "BasicStatistics_Votes", "BasicStatistics_ReviewCount", "BasicStatistics_OnWatchlistCount", "SeasonCount", "EpisodeCount", "SeriesEnded", "CreatedAt", "UpdatedAt") VALUES ('3d8be772-522f-4e73-9997-94bd1f8383ef', 'Avengers: Endgame', null, null, 'Dudududu', null, '2022-10-13 00:00:00.000000 +00:00', null, null, null, null, null, null, null, null, 53, null, null, 'Movie', null, null, null, null, 8.3, 0, 0, 0, null, null, null, '2023-09-17 11:41:04.599689 +00:00', null);
INSERT INTO public."Media" ("Id", "Title", "Details_Runtime", "Details_Certificate", "Details_Storyline", "Details_Tagline", "Details_ReleaseDate", "Details_CountryOfOrigin", "Details_Language", "Details_FilmingLocations", "TechnicalSpecs_Color", "TechnicalSpecs_AspectRatio", "TechnicalSpecs_SoundMix", "TechnicalSpecs_Camera", "TechnicalSpecs_NegativeFormat", "CurrentPosition", "PosterId", "TrailerId", "Discriminator", "SequelId", "SequelTitle", "PrequelId", "PrequelTitle", "BasicStatistics_Rating", "BasicStatistics_Votes", "BasicStatistics_ReviewCount", "BasicStatistics_OnWatchlistCount", "SeasonCount", "EpisodeCount", "SeriesEnded", "CreatedAt", "UpdatedAt") VALUES ('5ad0f1ce-ca68-4858-8631-e2aaa939cbb7', 'Need for Speed Need for Speed Need for Speed Need for Speed', null, null, null, null, '2023-03-03 00:00:00.000000 +00:00', null, null, null, null, null, null, null, null, 52, null, null, 'Movie', null, null, null, null, 3.9, 0, 0, 0, null, null, null, '2023-09-17 11:41:04.599686 +00:00', null);
INSERT INTO public."Media" ("Id", "Title", "Details_Runtime", "Details_Certificate", "Details_Storyline", "Details_Tagline", "Details_ReleaseDate", "Details_CountryOfOrigin", "Details_Language", "Details_FilmingLocations", "TechnicalSpecs_Color", "TechnicalSpecs_AspectRatio", "TechnicalSpecs_SoundMix", "TechnicalSpecs_Camera", "TechnicalSpecs_NegativeFormat", "CurrentPosition", "PosterId", "TrailerId", "Discriminator", "SequelId", "SequelTitle", "PrequelId", "PrequelTitle", "BasicStatistics_Rating", "BasicStatistics_Votes", "BasicStatistics_ReviewCount", "BasicStatistics_OnWatchlistCount", "SeasonCount", "EpisodeCount", "SeriesEnded", "CreatedAt", "UpdatedAt") VALUES ('67cb87e2-16e1-4908-8247-d351f0249e75', 'Rick and Morty', null, null, null, null, '2025-02-20 00:00:00.000000 +00:00', null, null, null, null, null, null, null, null, 11, null, null, 'Series', null, null, null, null, 0.0, 0, 0, 0, 2, 0, null, '2023-09-17 11:41:04.599709 +00:00', null);
INSERT INTO public."Media" ("Id", "Title", "Details_Runtime", "Details_Certificate", "Details_Storyline", "Details_Tagline", "Details_ReleaseDate", "Details_CountryOfOrigin", "Details_Language", "Details_FilmingLocations", "TechnicalSpecs_Color", "TechnicalSpecs_AspectRatio", "TechnicalSpecs_SoundMix", "TechnicalSpecs_Camera", "TechnicalSpecs_NegativeFormat", "CurrentPosition", "PosterId", "TrailerId", "Discriminator", "SequelId", "SequelTitle", "PrequelId", "PrequelTitle", "BasicStatistics_Rating", "BasicStatistics_Votes", "BasicStatistics_ReviewCount", "BasicStatistics_OnWatchlistCount", "SeasonCount", "EpisodeCount", "SeriesEnded", "CreatedAt", "UpdatedAt") VALUES ('f1a210ae-a45f-4e60-8ca5-a38d48b76395', 'The Days', null, null, null, null, '2023-02-20 00:00:00.000000 +00:00', null, null, null, null, null, null, null, null, 17, null, null, 'Series', null, null, null, null, 0.0, 0, 0, 0, 2, 0, null, '2023-09-17 11:41:04.599700 +00:00', null);
INSERT INTO public."Media" ("Id", "Title", "Details_Runtime", "Details_Certificate", "Details_Storyline", "Details_Tagline", "Details_ReleaseDate", "Details_CountryOfOrigin", "Details_Language", "Details_FilmingLocations", "TechnicalSpecs_Color", "TechnicalSpecs_AspectRatio", "TechnicalSpecs_SoundMix", "TechnicalSpecs_Camera", "TechnicalSpecs_NegativeFormat", "CurrentPosition", "PosterId", "TrailerId", "Discriminator", "SequelId", "SequelTitle", "PrequelId", "PrequelTitle", "BasicStatistics_Rating", "BasicStatistics_Votes", "BasicStatistics_ReviewCount", "BasicStatistics_OnWatchlistCount", "SeasonCount", "EpisodeCount", "SeriesEnded", "CreatedAt", "UpdatedAt") VALUES ('725cc8ab-eb3d-4780-b9b4-3e6ae1953393', 'Watchman', null, null, null, null, '2023-02-20 00:00:00.000000 +00:00', null, null, null, null, null, null, null, null, 40, null, null, 'Series', null, null, null, null, 0.0, 0, 0, 0, 1, 0, null, '2023-09-17 11:41:04.599708 +00:00', null);
INSERT INTO public."Media" ("Id", "Title", "Details_Runtime", "Details_Certificate", "Details_Storyline", "Details_Tagline", "Details_ReleaseDate", "Details_CountryOfOrigin", "Details_Language", "Details_FilmingLocations", "TechnicalSpecs_Color", "TechnicalSpecs_AspectRatio", "TechnicalSpecs_SoundMix", "TechnicalSpecs_Camera", "TechnicalSpecs_NegativeFormat", "CurrentPosition", "PosterId", "TrailerId", "Discriminator", "SequelId", "SequelTitle", "PrequelId", "PrequelTitle", "BasicStatistics_Rating", "BasicStatistics_Votes", "BasicStatistics_ReviewCount", "BasicStatistics_OnWatchlistCount", "SeasonCount", "EpisodeCount", "SeriesEnded", "CreatedAt", "UpdatedAt") VALUES ('0a3bf8ef-d29d-4121-8d22-e6471ce619f0', 'Joker', null, null, null, null, '2024-12-31 00:00:00.000000 +00:00', null, null, null, null, null, null, null, null, 1, null, null, 'Movie', null, null, null, null, 0.0, 0, 0, 0, null, null, null, '2023-09-17 11:41:04.599685 +00:00', null);
INSERT INTO public."Media" ("Id", "Title", "Details_Runtime", "Details_Certificate", "Details_Storyline", "Details_Tagline", "Details_ReleaseDate", "Details_CountryOfOrigin", "Details_Language", "Details_FilmingLocations", "TechnicalSpecs_Color", "TechnicalSpecs_AspectRatio", "TechnicalSpecs_SoundMix", "TechnicalSpecs_Camera", "TechnicalSpecs_NegativeFormat", "CurrentPosition", "PosterId", "TrailerId", "Discriminator", "SequelId", "SequelTitle", "PrequelId", "PrequelTitle", "BasicStatistics_Rating", "BasicStatistics_Votes", "BasicStatistics_ReviewCount", "BasicStatistics_OnWatchlistCount", "SeasonCount", "EpisodeCount", "SeriesEnded", "CreatedAt", "UpdatedAt") VALUES ('72c5b9a6-f054-4a3f-86f2-abc9337b8d99', 'Chernobyl', null, null, null, null, '2023-02-20 00:00:00.000000 +00:00', null, null, null, null, null, null, null, null, 23, null, null, 'Series', null, null, null, null, 0.0, 0, 0, 0, 1, 0, null, '2023-09-17 11:41:04.599704 +00:00', null);
INSERT INTO public."Media" ("Id", "Title", "Details_Runtime", "Details_Certificate", "Details_Storyline", "Details_Tagline", "Details_ReleaseDate", "Details_CountryOfOrigin", "Details_Language", "Details_FilmingLocations", "TechnicalSpecs_Color", "TechnicalSpecs_AspectRatio", "TechnicalSpecs_SoundMix", "TechnicalSpecs_Camera", "TechnicalSpecs_NegativeFormat", "CurrentPosition", "PosterId", "TrailerId", "Discriminator", "SequelId", "SequelTitle", "PrequelId", "PrequelTitle", "BasicStatistics_Rating", "BasicStatistics_Votes", "BasicStatistics_ReviewCount", "BasicStatistics_OnWatchlistCount", "SeasonCount", "EpisodeCount", "SeriesEnded", "CreatedAt", "UpdatedAt") VALUES ('5b451f11-54aa-43df-b9a7-9bcc4e341a41', 'Succession', null, null, null, null, '2021-11-11 00:00:00.000000 +00:00', null, null, null, null, null, null, null, null, 33, null, null, 'Series', null, null, null, null, 0.0, 0, 0, 0, 1, 0, null, '2023-09-17 11:41:04.599704 +00:00', null);
INSERT INTO public."Media" ("Id", "Title", "Details_Runtime", "Details_Certificate", "Details_Storyline", "Details_Tagline", "Details_ReleaseDate", "Details_CountryOfOrigin", "Details_Language", "Details_FilmingLocations", "TechnicalSpecs_Color", "TechnicalSpecs_AspectRatio", "TechnicalSpecs_SoundMix", "TechnicalSpecs_Camera", "TechnicalSpecs_NegativeFormat", "CurrentPosition", "PosterId", "TrailerId", "Discriminator", "SequelId", "SequelTitle", "PrequelId", "PrequelTitle", "BasicStatistics_Rating", "BasicStatistics_Votes", "BasicStatistics_ReviewCount", "BasicStatistics_OnWatchlistCount", "SeasonCount", "EpisodeCount", "SeriesEnded", "CreatedAt", "UpdatedAt") VALUES ('9978e1dd-895c-4fe5-8f33-f121ac4a063f', 'Bones', null, null, null, null, '2001-02-20 00:00:00.000000 +00:00', null, null, null, null, null, null, null, null, 15, null, null, 'Series', null, null, null, null, 0.0, 0, 0, 0, 127, 0, null, '2023-09-17 11:41:04.599719 +00:00', null);
INSERT INTO public."Media" ("Id", "Title", "Details_Runtime", "Details_Certificate", "Details_Storyline", "Details_Tagline", "Details_ReleaseDate", "Details_CountryOfOrigin", "Details_Language", "Details_FilmingLocations", "TechnicalSpecs_Color", "TechnicalSpecs_AspectRatio", "TechnicalSpecs_SoundMix", "TechnicalSpecs_Camera", "TechnicalSpecs_NegativeFormat", "CurrentPosition", "PosterId", "TrailerId", "Discriminator", "SequelId", "SequelTitle", "PrequelId", "PrequelTitle", "BasicStatistics_Rating", "BasicStatistics_Votes", "BasicStatistics_ReviewCount", "BasicStatistics_OnWatchlistCount", "SeasonCount", "EpisodeCount", "SeriesEnded", "CreatedAt", "UpdatedAt") VALUES ('0efb96b1-9db9-4890-bb8b-8dcdd713fd60', 'John Wick 2', null, 18, 'After returning to the criminal underworld to repay a debt, John Wick discovers that a large bounty has been put on his life.', null, '2022-12-31 00:00:00.000000 +00:00', null, null, null, null, null, null, null, 43, 'e63884e7-1135-463f-9e1e-2db5d5b157c9', null, null, 'Movie', null, null, null, null, 0.0, 0, 0, 0, null, null, null, '2023-09-17 11:41:04.599517 +00:00', '2023-09-26 19:53:19.178031 +00:00');
INSERT INTO public."Media" ("Id", "Title", "Details_Runtime", "Details_Certificate", "Details_Storyline", "Details_Tagline", "Details_ReleaseDate", "Details_CountryOfOrigin", "Details_Language", "Details_FilmingLocations", "TechnicalSpecs_Color", "TechnicalSpecs_AspectRatio", "TechnicalSpecs_SoundMix", "TechnicalSpecs_Camera", "TechnicalSpecs_NegativeFormat", "CurrentPosition", "PosterId", "TrailerId", "Discriminator", "SequelId", "SequelTitle", "PrequelId", "PrequelTitle", "BasicStatistics_Rating", "BasicStatistics_Votes", "BasicStatistics_ReviewCount", "BasicStatistics_OnWatchlistCount", "SeasonCount", "EpisodeCount", "SeriesEnded", "CreatedAt", "UpdatedAt") VALUES ('0efb96b1-9db9-4890-bb8b-8dcdd713fd69', 'Baby Driver', null, 12, null, null, '2021-03-31 00:00:00.000000 +00:00', null, null, null, null, null, null, null, null, 26, null, null, 'Movie', null, null, null, null, 0.0, 0, 0, 0, null, null, null, '2023-09-17 11:41:04.599637 +00:00', null);
INSERT INTO public."Media" ("Id", "Title", "Details_Runtime", "Details_Certificate", "Details_Storyline", "Details_Tagline", "Details_ReleaseDate", "Details_CountryOfOrigin", "Details_Language", "Details_FilmingLocations", "TechnicalSpecs_Color", "TechnicalSpecs_AspectRatio", "TechnicalSpecs_SoundMix", "TechnicalSpecs_Camera", "TechnicalSpecs_NegativeFormat", "CurrentPosition", "PosterId", "TrailerId", "Discriminator", "SequelId", "SequelTitle", "PrequelId", "PrequelTitle", "BasicStatistics_Rating", "BasicStatistics_Votes", "BasicStatistics_ReviewCount", "BasicStatistics_OnWatchlistCount", "SeasonCount", "EpisodeCount", "SeriesEnded", "CreatedAt", "UpdatedAt") VALUES ('ca703719-a033-49f9-a918-4a6d5a207487', 'Barbie', null, null, null, null, '2026-01-01 00:00:00.000000 +00:00', null, null, null, null, null, null, null, null, 3, null, null, 'Movie', null, null, null, null, 0.0, 0, 0, 0, null, null, null, '2023-09-17 11:41:04.599683 +00:00', null);
INSERT INTO public."Media" ("Id", "Title", "Details_Runtime", "Details_Certificate", "Details_Storyline", "Details_Tagline", "Details_ReleaseDate", "Details_CountryOfOrigin", "Details_Language", "Details_FilmingLocations", "TechnicalSpecs_Color", "TechnicalSpecs_AspectRatio", "TechnicalSpecs_SoundMix", "TechnicalSpecs_Camera", "TechnicalSpecs_NegativeFormat", "CurrentPosition", "PosterId", "TrailerId", "Discriminator", "SequelId", "SequelTitle", "PrequelId", "PrequelTitle", "BasicStatistics_Rating", "BasicStatistics_Votes", "BasicStatistics_ReviewCount", "BasicStatistics_OnWatchlistCount", "SeasonCount", "EpisodeCount", "SeriesEnded", "CreatedAt", "UpdatedAt") VALUES ('74fef43b-e72c-4ffc-9cf9-ffb999803b55', 'Ninjago', null, null, null, null, '2022-02-20 00:00:00.000000 +00:00', null, null, null, null, null, null, null, null, 38, null, null, 'Series', null, null, null, null, 0.0, 0, 0, 0, 1, 0, null, '2023-09-17 11:41:04.599707 +00:00', null);
INSERT INTO public."Media" ("Id", "Title", "Details_Runtime", "Details_Certificate", "Details_Storyline", "Details_Tagline", "Details_ReleaseDate", "Details_CountryOfOrigin", "Details_Language", "Details_FilmingLocations", "TechnicalSpecs_Color", "TechnicalSpecs_AspectRatio", "TechnicalSpecs_SoundMix", "TechnicalSpecs_Camera", "TechnicalSpecs_NegativeFormat", "CurrentPosition", "PosterId", "TrailerId", "Discriminator", "SequelId", "SequelTitle", "PrequelId", "PrequelTitle", "BasicStatistics_Rating", "BasicStatistics_Votes", "BasicStatistics_ReviewCount", "BasicStatistics_OnWatchlistCount", "SeasonCount", "EpisodeCount", "SeriesEnded", "CreatedAt", "UpdatedAt") VALUES ('6ec849e6-a1bc-4234-997d-b90af92c4b08', 'John the builder the builder the builder', null, 15, 'Bob the Builder and his machine team are ready to tackle any project. Bob and the Can-Do Crew demonstrate the power of positive thinking, problem-solving, teamwork, and follow-through. The team always shows that "The Fun Is In Getting It Done!"', null, '2015-09-29 22:25:49.980000 +00:00', null, null, null, null, null, null, null, null, 31, '3724fa63-0b97-4cce-89ef-9cf0b06f4645', null, 'Series', null, null, null, null, 0.0, 0, 0, 0, 0, 0, null, '2023-09-26 19:42:13.849895 +00:00', '2023-09-26 19:53:47.840335 +00:00');
INSERT INTO public."Media" ("Id", "Title", "Details_Runtime", "Details_Certificate", "Details_Storyline", "Details_Tagline", "Details_ReleaseDate", "Details_CountryOfOrigin", "Details_Language", "Details_FilmingLocations", "TechnicalSpecs_Color", "TechnicalSpecs_AspectRatio", "TechnicalSpecs_SoundMix", "TechnicalSpecs_Camera", "TechnicalSpecs_NegativeFormat", "CurrentPosition", "PosterId", "TrailerId", "Discriminator", "SequelId", "SequelTitle", "PrequelId", "PrequelTitle", "BasicStatistics_Rating", "BasicStatistics_Votes", "BasicStatistics_ReviewCount", "BasicStatistics_OnWatchlistCount", "SeasonCount", "EpisodeCount", "SeriesEnded", "CreatedAt", "UpdatedAt") VALUES ('28faed2b-090f-4fe0-8556-40af35eef3c5', 'Loki', null, null, null, null, '2021-06-06 00:00:00.000000 +00:00', null, null, null, null, null, null, null, null, 28, null, null, 'Series', null, null, null, null, 0.0, 0, 0, 0, 4, 0, null, '2023-09-17 11:41:04.599713 +00:00', null);
INSERT INTO public."Media" ("Id", "Title", "Details_Runtime", "Details_Certificate", "Details_Storyline", "Details_Tagline", "Details_ReleaseDate", "Details_CountryOfOrigin", "Details_Language", "Details_FilmingLocations", "TechnicalSpecs_Color", "TechnicalSpecs_AspectRatio", "TechnicalSpecs_SoundMix", "TechnicalSpecs_Camera", "TechnicalSpecs_NegativeFormat", "CurrentPosition", "PosterId", "TrailerId", "Discriminator", "SequelId", "SequelTitle", "PrequelId", "PrequelTitle", "BasicStatistics_Rating", "BasicStatistics_Votes", "BasicStatistics_ReviewCount", "BasicStatistics_OnWatchlistCount", "SeasonCount", "EpisodeCount", "SeriesEnded", "CreatedAt", "UpdatedAt") VALUES ('d3d18c5e-11e7-4e53-ae1a-27caf80fcf2e', 'The Mandalorian', null, null, null, null, '2021-11-11 00:00:00.000000 +00:00', null, null, null, null, null, null, null, null, 39, null, null, 'Series', null, null, null, null, 0.0, 0, 0, 0, 1, 0, null, '2023-09-17 11:41:04.599717 +00:00', null);
INSERT INTO public."Media" ("Id", "Title", "Details_Runtime", "Details_Certificate", "Details_Storyline", "Details_Tagline", "Details_ReleaseDate", "Details_CountryOfOrigin", "Details_Language", "Details_FilmingLocations", "TechnicalSpecs_Color", "TechnicalSpecs_AspectRatio", "TechnicalSpecs_SoundMix", "TechnicalSpecs_Camera", "TechnicalSpecs_NegativeFormat", "CurrentPosition", "PosterId", "TrailerId", "Discriminator", "SequelId", "SequelTitle", "PrequelId", "PrequelTitle", "BasicStatistics_Rating", "BasicStatistics_Votes", "BasicStatistics_ReviewCount", "BasicStatistics_OnWatchlistCount", "SeasonCount", "EpisodeCount", "SeriesEnded", "CreatedAt", "UpdatedAt") VALUES ('b64d34d0-1f2c-4226-a718-fc46f62314ff', 'Good Omens', null, null, null, null, '2021-02-20 00:00:00.000000 +00:00', null, null, null, null, null, null, null, null, 49, null, null, 'Series', null, null, null, null, 0.0, 0, 0, 0, 12, 0, null, '2023-09-17 11:41:04.599712 +00:00', null);
INSERT INTO public."Media" ("Id", "Title", "Details_Runtime", "Details_Certificate", "Details_Storyline", "Details_Tagline", "Details_ReleaseDate", "Details_CountryOfOrigin", "Details_Language", "Details_FilmingLocations", "TechnicalSpecs_Color", "TechnicalSpecs_AspectRatio", "TechnicalSpecs_SoundMix", "TechnicalSpecs_Camera", "TechnicalSpecs_NegativeFormat", "CurrentPosition", "PosterId", "TrailerId", "Discriminator", "SequelId", "SequelTitle", "PrequelId", "PrequelTitle", "BasicStatistics_Rating", "BasicStatistics_Votes", "BasicStatistics_ReviewCount", "BasicStatistics_OnWatchlistCount", "SeasonCount", "EpisodeCount", "SeriesEnded", "CreatedAt", "UpdatedAt") VALUES ('49009460-a91d-4dcf-9daf-3e13d9625996', 'Hawkeye', null, null, null, null, '2022-06-06 00:00:00.000000 +00:00', null, null, null, null, null, null, null, null, 18, null, null, 'Series', null, null, null, null, 0.0, 0, 0, 0, 4, 0, null, '2023-09-17 11:41:04.599716 +00:00', null);
INSERT INTO public."Media" ("Id", "Title", "Details_Runtime", "Details_Certificate", "Details_Storyline", "Details_Tagline", "Details_ReleaseDate", "Details_CountryOfOrigin", "Details_Language", "Details_FilmingLocations", "TechnicalSpecs_Color", "TechnicalSpecs_AspectRatio", "TechnicalSpecs_SoundMix", "TechnicalSpecs_Camera", "TechnicalSpecs_NegativeFormat", "CurrentPosition", "PosterId", "TrailerId", "Discriminator", "SequelId", "SequelTitle", "PrequelId", "PrequelTitle", "BasicStatistics_Rating", "BasicStatistics_Votes", "BasicStatistics_ReviewCount", "BasicStatistics_OnWatchlistCount", "SeasonCount", "EpisodeCount", "SeriesEnded", "CreatedAt", "UpdatedAt") VALUES ('adae397d-7184-4c50-9881-936834257712', 'Flash', null, null, null, null, '2022-02-20 00:00:00.000000 +00:00', null, null, null, null, null, null, null, null, 42, null, null, 'Series', null, null, null, null, 0.0, 0, 0, 0, 1, 0, null, '2023-09-17 11:41:04.599701 +00:00', null);
INSERT INTO public."Media" ("Id", "Title", "Details_Runtime", "Details_Certificate", "Details_Storyline", "Details_Tagline", "Details_ReleaseDate", "Details_CountryOfOrigin", "Details_Language", "Details_FilmingLocations", "TechnicalSpecs_Color", "TechnicalSpecs_AspectRatio", "TechnicalSpecs_SoundMix", "TechnicalSpecs_Camera", "TechnicalSpecs_NegativeFormat", "CurrentPosition", "PosterId", "TrailerId", "Discriminator", "SequelId", "SequelTitle", "PrequelId", "PrequelTitle", "BasicStatistics_Rating", "BasicStatistics_Votes", "BasicStatistics_ReviewCount", "BasicStatistics_OnWatchlistCount", "SeasonCount", "EpisodeCount", "SeriesEnded", "CreatedAt", "UpdatedAt") VALUES ('c6217d38-6c2c-48f9-b8a2-54d5a9c4a6dc', 'Moon Knight', null, null, null, null, '2022-02-20 00:00:00.000000 +00:00', null, null, null, null, null, null, null, null, 47, null, null, 'Series', null, null, null, null, 0.0, 0, 0, 0, 12, 0, null, '2023-09-17 11:41:04.599715 +00:00', null);
INSERT INTO public."Media" ("Id", "Title", "Details_Runtime", "Details_Certificate", "Details_Storyline", "Details_Tagline", "Details_ReleaseDate", "Details_CountryOfOrigin", "Details_Language", "Details_FilmingLocations", "TechnicalSpecs_Color", "TechnicalSpecs_AspectRatio", "TechnicalSpecs_SoundMix", "TechnicalSpecs_Camera", "TechnicalSpecs_NegativeFormat", "CurrentPosition", "PosterId", "TrailerId", "Discriminator", "SequelId", "SequelTitle", "PrequelId", "PrequelTitle", "BasicStatistics_Rating", "BasicStatistics_Votes", "BasicStatistics_ReviewCount", "BasicStatistics_OnWatchlistCount", "SeasonCount", "EpisodeCount", "SeriesEnded", "CreatedAt", "UpdatedAt") VALUES ('4e8b1bf0-64eb-4505-a87a-3d138737b273', 'The Fast and the Furious', null, null, null, null, '2023-03-03 00:00:00.000000 +00:00', null, null, null, null, null, null, null, null, 29, null, null, 'Movie', null, null, null, null, 0.0, 0, 0, 0, null, null, null, '2023-09-17 11:41:04.599687 +00:00', null);
INSERT INTO public."Media" ("Id", "Title", "Details_Runtime", "Details_Certificate", "Details_Storyline", "Details_Tagline", "Details_ReleaseDate", "Details_CountryOfOrigin", "Details_Language", "Details_FilmingLocations", "TechnicalSpecs_Color", "TechnicalSpecs_AspectRatio", "TechnicalSpecs_SoundMix", "TechnicalSpecs_Camera", "TechnicalSpecs_NegativeFormat", "CurrentPosition", "PosterId", "TrailerId", "Discriminator", "SequelId", "SequelTitle", "PrequelId", "PrequelTitle", "BasicStatistics_Rating", "BasicStatistics_Votes", "BasicStatistics_ReviewCount", "BasicStatistics_OnWatchlistCount", "SeasonCount", "EpisodeCount", "SeriesEnded", "CreatedAt", "UpdatedAt") VALUES ('9c814fc1-a047-48ab-8758-8cac1a63ec4e', 'Stranger Things', null, null, null, null, '2023-02-20 00:00:00.000000 +00:00', null, null, null, null, null, null, null, null, 37, null, null, 'Series', null, null, null, null, 0.0, 0, 0, 0, 5, 0, null, '2023-09-17 11:41:04.599702 +00:00', null);
INSERT INTO public."Media" ("Id", "Title", "Details_Runtime", "Details_Certificate", "Details_Storyline", "Details_Tagline", "Details_ReleaseDate", "Details_CountryOfOrigin", "Details_Language", "Details_FilmingLocations", "TechnicalSpecs_Color", "TechnicalSpecs_AspectRatio", "TechnicalSpecs_SoundMix", "TechnicalSpecs_Camera", "TechnicalSpecs_NegativeFormat", "CurrentPosition", "PosterId", "TrailerId", "Discriminator", "SequelId", "SequelTitle", "PrequelId", "PrequelTitle", "BasicStatistics_Rating", "BasicStatistics_Votes", "BasicStatistics_ReviewCount", "BasicStatistics_OnWatchlistCount", "SeasonCount", "EpisodeCount", "SeriesEnded", "CreatedAt", "UpdatedAt") VALUES ('ae3d96af-c693-4f52-84a2-e5521fa5c636', 'Secret Invasion', null, null, null, null, '2019-02-20 00:00:00.000000 +00:00', null, null, null, null, null, null, null, null, 46, null, null, 'Series', null, null, null, null, 10.0, 0, 0, 0, 2, 0, null, '2023-09-17 11:41:04.599717 +00:00', null);
INSERT INTO public."Media" ("Id", "Title", "Details_Runtime", "Details_Certificate", "Details_Storyline", "Details_Tagline", "Details_ReleaseDate", "Details_CountryOfOrigin", "Details_Language", "Details_FilmingLocations", "TechnicalSpecs_Color", "TechnicalSpecs_AspectRatio", "TechnicalSpecs_SoundMix", "TechnicalSpecs_Camera", "TechnicalSpecs_NegativeFormat", "CurrentPosition", "PosterId", "TrailerId", "Discriminator", "SequelId", "SequelTitle", "PrequelId", "PrequelTitle", "BasicStatistics_Rating", "BasicStatistics_Votes", "BasicStatistics_ReviewCount", "BasicStatistics_OnWatchlistCount", "SeasonCount", "EpisodeCount", "SeriesEnded", "CreatedAt", "UpdatedAt") VALUES ('f557684a-4755-11ee-be56-0242ac120002', 'Witcher', null, 18, 'Geralt of Rivia, a solitary monster hunter, struggles to find his place in a world where people often prove more wicked than beasts.', null, '2023-06-06 00:00:00.000000 +00:00', null, 'AAA', null, null, null, null, null, null, 22, null, null, 'Series', null, null, null, null, 1.7, 0, 0, 0, 4, 30, '2023-11-04 00:06:30.536000 +00:00', '2023-09-17 11:41:04.599690 +00:00', '2023-11-05 19:04:54.728965 +00:00');
INSERT INTO public."Media" ("Id", "Title", "Details_Runtime", "Details_Certificate", "Details_Storyline", "Details_Tagline", "Details_ReleaseDate", "Details_CountryOfOrigin", "Details_Language", "Details_FilmingLocations", "TechnicalSpecs_Color", "TechnicalSpecs_AspectRatio", "TechnicalSpecs_SoundMix", "TechnicalSpecs_Camera", "TechnicalSpecs_NegativeFormat", "CurrentPosition", "PosterId", "TrailerId", "Discriminator", "SequelId", "SequelTitle", "PrequelId", "PrequelTitle", "BasicStatistics_Rating", "BasicStatistics_Votes", "BasicStatistics_ReviewCount", "BasicStatistics_OnWatchlistCount", "SeasonCount", "EpisodeCount", "SeriesEnded", "CreatedAt", "UpdatedAt") VALUES ('094dd24d-9769-406a-b597-733f7450785f', 'dffdgfdsg', null, null, null, null, null, null, null, null, null, null, null, null, null, 0, null, null, 'Movie', null, null, null, null, 0.0, 0, 0, 0, null, null, null, '2023-10-24 19:23:19.083928 +00:00', null);
INSERT INTO public."Media" ("Id", "Title", "Details_Runtime", "Details_Certificate", "Details_Storyline", "Details_Tagline", "Details_ReleaseDate", "Details_CountryOfOrigin", "Details_Language", "Details_FilmingLocations", "TechnicalSpecs_Color", "TechnicalSpecs_AspectRatio", "TechnicalSpecs_SoundMix", "TechnicalSpecs_Camera", "TechnicalSpecs_NegativeFormat", "CurrentPosition", "PosterId", "TrailerId", "Discriminator", "SequelId", "SequelTitle", "PrequelId", "PrequelTitle", "BasicStatistics_Rating", "BasicStatistics_Votes", "BasicStatistics_ReviewCount", "BasicStatistics_OnWatchlistCount", "SeasonCount", "EpisodeCount", "SeriesEnded", "CreatedAt", "UpdatedAt") VALUES ('3c6d208c-1472-48a1-aa02-736c8ecd8518', 'aaaa', null, null, null, null, null, null, null, null, null, null, null, null, null, 0, null, null, 'Movie', null, null, null, null, 0.0, 0, 0, 0, null, null, null, '2023-10-24 19:23:25.773120 +00:00', null);
INSERT INTO public."Media" ("Id", "Title", "Details_Runtime", "Details_Certificate", "Details_Storyline", "Details_Tagline", "Details_ReleaseDate", "Details_CountryOfOrigin", "Details_Language", "Details_FilmingLocations", "TechnicalSpecs_Color", "TechnicalSpecs_AspectRatio", "TechnicalSpecs_SoundMix", "TechnicalSpecs_Camera", "TechnicalSpecs_NegativeFormat", "CurrentPosition", "PosterId", "TrailerId", "Discriminator", "SequelId", "SequelTitle", "PrequelId", "PrequelTitle", "BasicStatistics_Rating", "BasicStatistics_Votes", "BasicStatistics_ReviewCount", "BasicStatistics_OnWatchlistCount", "SeasonCount", "EpisodeCount", "SeriesEnded", "CreatedAt", "UpdatedAt") VALUES ('a23472ff-2166-4b46-a4f8-3c0b1742f0e3', 'a', null, null, null, null, null, null, null, null, null, null, null, null, null, 0, null, null, 'Movie', null, null, null, null, 0.0, 0, 0, 0, null, null, null, '2023-10-24 19:23:32.734274 +00:00', null);
INSERT INTO public."Media" ("Id", "Title", "Details_Runtime", "Details_Certificate", "Details_Storyline", "Details_Tagline", "Details_ReleaseDate", "Details_CountryOfOrigin", "Details_Language", "Details_FilmingLocations", "TechnicalSpecs_Color", "TechnicalSpecs_AspectRatio", "TechnicalSpecs_SoundMix", "TechnicalSpecs_Camera", "TechnicalSpecs_NegativeFormat", "CurrentPosition", "PosterId", "TrailerId", "Discriminator", "SequelId", "SequelTitle", "PrequelId", "PrequelTitle", "BasicStatistics_Rating", "BasicStatistics_Votes", "BasicStatistics_ReviewCount", "BasicStatistics_OnWatchlistCount", "SeasonCount", "EpisodeCount", "SeriesEnded", "CreatedAt", "UpdatedAt") VALUES ('18c6e618-bfa1-4b0c-9e67-54c2340ed5fa', 'b', null, null, null, null, null, null, null, null, null, null, null, null, null, 0, null, null, 'Movie', null, null, null, null, 0.0, 0, 0, 0, null, null, null, '2023-10-24 19:42:26.813890 +00:00', null);
INSERT INTO public."Media" ("Id", "Title", "Details_Runtime", "Details_Certificate", "Details_Storyline", "Details_Tagline", "Details_ReleaseDate", "Details_CountryOfOrigin", "Details_Language", "Details_FilmingLocations", "TechnicalSpecs_Color", "TechnicalSpecs_AspectRatio", "TechnicalSpecs_SoundMix", "TechnicalSpecs_Camera", "TechnicalSpecs_NegativeFormat", "CurrentPosition", "PosterId", "TrailerId", "Discriminator", "SequelId", "SequelTitle", "PrequelId", "PrequelTitle", "BasicStatistics_Rating", "BasicStatistics_Votes", "BasicStatistics_ReviewCount", "BasicStatistics_OnWatchlistCount", "SeasonCount", "EpisodeCount", "SeriesEnded", "CreatedAt", "UpdatedAt") VALUES ('1dc03fd8-71ca-43dc-8bb0-4f30e1e1791a', 'John the builder', null, null, null, null, null, null, null, null, null, null, null, null, null, 0, null, null, 'Series', null, null, null, null, 0.0, 0, 0, 0, 0, 0, null, '2023-10-24 20:03:11.599712 +00:00', null);
INSERT INTO public."Media" ("Id", "Title", "Details_Runtime", "Details_Certificate", "Details_Storyline", "Details_Tagline", "Details_ReleaseDate", "Details_CountryOfOrigin", "Details_Language", "Details_FilmingLocations", "TechnicalSpecs_Color", "TechnicalSpecs_AspectRatio", "TechnicalSpecs_SoundMix", "TechnicalSpecs_Camera", "TechnicalSpecs_NegativeFormat", "CurrentPosition", "PosterId", "TrailerId", "Discriminator", "SequelId", "SequelTitle", "PrequelId", "PrequelTitle", "BasicStatistics_Rating", "BasicStatistics_Votes", "BasicStatistics_ReviewCount", "BasicStatistics_OnWatchlistCount", "SeasonCount", "EpisodeCount", "SeriesEnded", "CreatedAt", "UpdatedAt") VALUES ('e41146a7-4722-4abe-a407-71dde0400e43', 'Builder', null, null, null, null, null, null, null, null, null, null, null, null, null, 0, null, null, 'Movie', null, null, null, null, 0.0, 0, 0, 0, null, null, null, '2023-10-24 20:03:21.345039 +00:00', null);
INSERT INTO public."Media" ("Id", "Title", "Details_Runtime", "Details_Certificate", "Details_Storyline", "Details_Tagline", "Details_ReleaseDate", "Details_CountryOfOrigin", "Details_Language", "Details_FilmingLocations", "TechnicalSpecs_Color", "TechnicalSpecs_AspectRatio", "TechnicalSpecs_SoundMix", "TechnicalSpecs_Camera", "TechnicalSpecs_NegativeFormat", "CurrentPosition", "PosterId", "TrailerId", "Discriminator", "SequelId", "SequelTitle", "PrequelId", "PrequelTitle", "BasicStatistics_Rating", "BasicStatistics_Votes", "BasicStatistics_ReviewCount", "BasicStatistics_OnWatchlistCount", "SeasonCount", "EpisodeCount", "SeriesEnded", "CreatedAt", "UpdatedAt") VALUES ('63522c73-8f8f-4921-bccb-2fb3dc81e693', 'tttt', null, null, null, null, null, null, null, null, null, null, null, null, null, 0, null, null, 'Series', null, null, null, null, 0.0, 0, 0, 0, 0, 0, null, '2023-10-24 20:06:23.771381 +00:00', null);
INSERT INTO public."Media" ("Id", "Title", "Details_Runtime", "Details_Certificate", "Details_Storyline", "Details_Tagline", "Details_ReleaseDate", "Details_CountryOfOrigin", "Details_Language", "Details_FilmingLocations", "TechnicalSpecs_Color", "TechnicalSpecs_AspectRatio", "TechnicalSpecs_SoundMix", "TechnicalSpecs_Camera", "TechnicalSpecs_NegativeFormat", "CurrentPosition", "PosterId", "TrailerId", "Discriminator", "SequelId", "SequelTitle", "PrequelId", "PrequelTitle", "BasicStatistics_Rating", "BasicStatistics_Votes", "BasicStatistics_ReviewCount", "BasicStatistics_OnWatchlistCount", "SeasonCount", "EpisodeCount", "SeriesEnded", "CreatedAt", "UpdatedAt") VALUES ('faa3dd58-26fb-440c-998e-eac8d0373973', 'pppp', null, null, null, null, null, null, null, null, null, null, null, null, null, 0, null, null, 'Movie', null, null, null, null, 0.0, 0, 0, 0, null, null, null, '2023-10-24 20:06:32.013664 +00:00', null);
INSERT INTO public."Media" ("Id", "Title", "Details_Runtime", "Details_Certificate", "Details_Storyline", "Details_Tagline", "Details_ReleaseDate", "Details_CountryOfOrigin", "Details_Language", "Details_FilmingLocations", "TechnicalSpecs_Color", "TechnicalSpecs_AspectRatio", "TechnicalSpecs_SoundMix", "TechnicalSpecs_Camera", "TechnicalSpecs_NegativeFormat", "CurrentPosition", "PosterId", "TrailerId", "Discriminator", "SequelId", "SequelTitle", "PrequelId", "PrequelTitle", "BasicStatistics_Rating", "BasicStatistics_Votes", "BasicStatistics_ReviewCount", "BasicStatistics_OnWatchlistCount", "SeasonCount", "EpisodeCount", "SeriesEnded", "CreatedAt", "UpdatedAt") VALUES ('c97f087a-059a-486a-8e2c-3d1db52c612f', 'John Wick 4', 320, 18, 'John Wick uncovers a path to defeating The High Table. But before he can earn his freedom, Wick must face off against a new enemy with powerful alliances across the globe and forces that turn old friends into foes.', 'The World Forever Changes', '2023-10-01 00:00:00.000000 +00:00', 'USA', 'Polish', 'Poland', 'Color', '21:9', 'Dolby Digital', 'iPhone 15 Pro Max', 'Dolby Vision', 54, '8cb6533e-a5d3-4831-a6c4-63f6acced738', '6ba3feab-50f3-4dd1-b026-33f31eee8441', 'Movie', 'f557684a-4755-11ee-be56-0242ac120002', 'Witcher', '0efb96b1-9db9-4890-bb8b-8dcdd713fd60', 'John Wick 2', 8.2, 120, 0, 1203, null, null, null, '2023-09-17 11:41:04.599000 +00:00', '2023-11-02 21:56:29.486118 +00:00');
--seasons
INSERT INTO public."Season" ("Id", "SeriesId", "SeasonNumber", "EpisodeCount") VALUES (1, 'f557684a-4755-11ee-be56-0242ac120002', 1, 5);
INSERT INTO public."Season" ("Id", "SeriesId", "SeasonNumber", "EpisodeCount") VALUES (2, 'f557684a-4755-11ee-be56-0242ac120002', 2, 5);
INSERT INTO public."Season" ("Id", "SeriesId", "SeasonNumber", "EpisodeCount") VALUES (3, 'f557684a-4755-11ee-be56-0242ac120002', 3, 8);
INSERT INTO public."Season" ("Id", "SeriesId", "SeasonNumber", "EpisodeCount") VALUES (4, 'f557684a-4755-11ee-be56-0242ac120002', 4, 12);
--episode
INSERT INTO public."Episode" ("Id", "SeasonId", "EpisodeNumber", "Title", "Details_Runtime", "Details_Certificate", "Details_Storyline", "Details_Tagline", "Details_ReleaseDate", "Details_CountryOfOrigin", "Details_Language", "Details_FilmingLocations") VALUES (4, 1, 1, 'Daleko w lesie', 50, 16, 'aaaaaaa', 'bbbb', '2023-11-03 21:24:58.265000 +00:00', 'Las', 'Polski', 'USA');
INSERT INTO public."Episode" ("Id", "SeasonId", "EpisodeNumber", "Title", "Details_Runtime", "Details_Certificate", "Details_Storyline", "Details_Tagline", "Details_ReleaseDate", "Details_CountryOfOrigin", "Details_Language", "Details_FilmingLocations") VALUES (5, 1, 2, 'Jeszcze dalej w lesie', 55, 16, 'aaaaaaaaaaaaaaa', 'bbbbbb', '2023-06-03 21:25:00.033000 +00:00', 'Polska', 'Polski', 'USA');
INSERT INTO public."Episode" ("Id", "SeasonId", "EpisodeNumber", "Title", "Details_Runtime", "Details_Certificate", "Details_Storyline", "Details_Tagline", "Details_ReleaseDate", "Details_CountryOfOrigin", "Details_Language", "Details_FilmingLocations") VALUES (6, 2, 6, 'Dalej si nie da by w lesie', 62, 16, 'aaaa', 'bbbbbb', '2023-05-03 21:25:02.343000 +00:00', 'To Samo', 'Polski', 'USA');
INSERT INTO public."Episode" ("Id", "SeasonId", "EpisodeNumber", "Title", "Details_Runtime", "Details_Certificate", "Details_Storyline", "Details_Tagline", "Details_ReleaseDate", "Details_CountryOfOrigin", "Details_Language", "Details_FilmingLocations") VALUES (8, 3, 12, 'Nowy las', 41, 7, 'aaaaaaaaaa', 'bbbbbb', '2022-11-03 21:25:06.946000 +00:00', 'Polska', 'Polski', 'USA');
INSERT INTO public."Episode" ("Id", "SeasonId", "EpisodeNumber", "Title", "Details_Runtime", "Details_Certificate", "Details_Storyline", "Details_Tagline", "Details_ReleaseDate", "Details_CountryOfOrigin", "Details_Language", "Details_FilmingLocations") VALUES (9, 3, 14, 'Daleko w nowym lesie', 52, 16, 'aaaaaaaaaaaaaaaaaaaaaaaaaaaaaaaaaaaaaaaaaaaaaaaaaaaaaaaaaaaaaa', 'bbbbbb', '2022-09-03 21:25:10.885000 +00:00', 'Polska', 'Polski', 'USA');
INSERT INTO public."Episode" ("Id", "SeasonId", "EpisodeNumber", "Title", "Details_Runtime", "Details_Certificate", "Details_Storyline", "Details_Tagline", "Details_ReleaseDate", "Details_CountryOfOrigin", "Details_Language", "Details_FilmingLocations") VALUES (10, 4, 22, 'Koniec nowego lasu', 100, 16, 'aaaaaaaaaa aaaaaaaaaa aaaaaaaaa aaaaaaaaaaa', 'bbbbbb', '2022-06-03 21:25:15.301000 +00:00', 'Polska', 'Polski', 'USA');
INSERT INTO public."Episode" ("Id", "SeasonId", "EpisodeNumber", "Title", "Details_Runtime", "Details_Certificate", "Details_Storyline", "Details_Tagline", "Details_ReleaseDate", "Details_CountryOfOrigin", "Details_Language", "Details_FilmingLocations") VALUES (13, 3, 15, 'Jeszcze dalej w nowym lesie', 22, 12, 'aaaaaaaaaaaaaaaaaa', 'bbbbbb', '2024-05-03 21:25:26.731000 +00:00', 'Polska', 'Polski', 'USA');
INSERT INTO public."Episode" ("Id", "SeasonId", "EpisodeNumber", "Title", "Details_Runtime", "Details_Certificate", "Details_Storyline", "Details_Tagline", "Details_ReleaseDate", "Details_CountryOfOrigin", "Details_Language", "Details_FilmingLocations") VALUES (14, 1, 4, 'Bardzo daleko w lesie', 50, 18, 'aaaaaaaaaaaaa aaaaaaaaa', 'bbbbbb', '2022-11-03 21:25:29.820000 +00:00', 'Polska', 'Polski', 'USA');
INSERT INTO public."Episode" ("Id", "SeasonId", "EpisodeNumber", "Title", "Details_Runtime", "Details_Certificate", "Details_Storyline", "Details_Tagline", "Details_ReleaseDate", "Details_CountryOfOrigin", "Details_Language", "Details_FilmingLocations") VALUES (11, 2, 9, 'Rzyki', 46, 16, 'aaaaaaaa', 'bbbbbb', '2022-03-03 21:25:19.716000 +00:00', 'Polska', 'Polski', 'USA');
INSERT INTO public."Episode" ("Id", "SeasonId", "EpisodeNumber", "Title", "Details_Runtime", "Details_Certificate", "Details_Storyline", "Details_Tagline", "Details_ReleaseDate", "Details_CountryOfOrigin", "Details_Language", "Details_FilmingLocations") VALUES (7, 3, 13, 'Koniec lasu', 93, 12, 'aaaaaaaa', 'bbbbbb', '2023-01-03 21:25:04.172000 +00:00', 'Las', 'Polski', 'USA');
INSERT INTO public."Episode" ("Id", "SeasonId", "EpisodeNumber", "Title", "Details_Runtime", "Details_Certificate", "Details_Storyline", "Details_Tagline", "Details_ReleaseDate", "Details_CountryOfOrigin", "Details_Language", "Details_FilmingLocations") VALUES (12, 2, 10, 'Dostaem kamieniem', 68, 18, 'aa aa aa aa aa', 'bbbbbb', '2022-01-03 21:25:23.696000 +00:00', 'Polska', 'Polski', 'USA');
--mediaContentIds
INSERT INTO public."MediaContentIds" ("Id", "MediaId", "ContentId") VALUES (1, 'c97f087a-059a-486a-8e2c-3d1db52c612f', 'dc02c961-1921-448e-8bf9-9572e19c3df4');
INSERT INTO public."MediaContentIds" ("Id", "MediaId", "ContentId") VALUES (2, 'c97f087a-059a-486a-8e2c-3d1db52c612f', 'b716de00-984f-4881-b59c-e551935a241e');
INSERT INTO public."MediaContentIds" ("Id", "MediaId", "ContentId") VALUES (3, 'c97f087a-059a-486a-8e2c-3d1db52c612f', '017298da-c704-45c7-8905-a7df701e91f5');
INSERT INTO public."MediaContentIds" ("Id", "MediaId", "ContentId") VALUES (4, 'c97f087a-059a-486a-8e2c-3d1db52c612f', 'c20453f8-c34f-4808-9de3-21cc7b7f7ff7');
INSERT INTO public."MediaContentIds" ("Id", "MediaId", "ContentId") VALUES (5, 'c97f087a-059a-486a-8e2c-3d1db52c612f', 'a56a1b2d-d07a-4ae0-aa33-5ce366b2b94b');
INSERT INTO public."MediaContentIds" ("Id", "MediaId", "ContentId") VALUES (6, 'c97f087a-059a-486a-8e2c-3d1db52c612f', '0c2ac21d-8916-41e0-bd44-e9b766ccf0cb');
--Users
INSERT INTO public."Users" ("Id", "Information_FirstName", "Information_LastName", "Information_Age", "AvatarId", "PersonId", "UserName", "NormalizedUserName", "Email", "NormalizedEmail", "EmailConfirmed", "PasswordHash", "SecurityStamp", "ConcurrencyStamp", "PhoneNumber", "PhoneNumberConfirmed", "TwoFactorEnabled", "LockoutEnd", "LockoutEnabled", "AccessFailedCount", "CreatedAt", "UpdatedAt", "Subscription_Since", "Subscription_Id", "Subscription_FreeTrial", "Banned") VALUES ('94190898-3da0-471f-8c22-b35e7d8c87fc', 'payName', 'payLast', 30, null, null, 'pay1', 'PAY1', 'pay@test.pl', 'PAY@TEST.PL', true, 'AQAAAAIAAYagAAAAEIjbP67YIi3baKzcjaEfh6yxMdihiENY08f2AwfLwbjjwR2aZVVRQN2H4LFUKtTd7Q==', 'KZL5BBWNA5S7NUHIT3E7UTQUYKQGLI42', '96aebfeb-0fe2-42ba-8561-c0d3e019fc88', null, false, false, null, true, 0, '2023-10-28 12:13:27.904003 +00:00', '2023-11-07 22:15:13.622730 +00:00', null, null, false, false);
INSERT INTO public."Users" ("Id", "Information_FirstName", "Information_LastName", "Information_Age", "AvatarId", "PersonId", "UserName", "NormalizedUserName", "Email", "NormalizedEmail", "EmailConfirmed", "PasswordHash", "SecurityStamp", "ConcurrencyStamp", "PhoneNumber", "PhoneNumberConfirmed", "TwoFactorEnabled", "LockoutEnd", "LockoutEnabled", "AccessFailedCount", "CreatedAt", "UpdatedAt", "Subscription_Since", "Subscription_Id", "Subscription_FreeTrial", "Banned") VALUES ('16900a5d-fe02-4b8f-ae31-01e3ce0d1d78', '', '', 20, null, null, 'abbc', 'ABBC', 'string5@string.pl', 'STRING5@STRING.PL', true, 'AQAAAAIAAYagAAAAEE7d/uJduR9pvBGI8yFnHf1o6UhiHEcAJfcA2trMvjuNRe6o0YDxt8uQkBcZ+QZyhg==', 'KZL5EQ62CLGXEIFGWBY3RQDKO63MNQWS', '804c9e82-e6c3-4d99-998f-e56a118d6f92', null, false, false, null, true, 0, '2023-10-14 10:12:52.249038 +00:00', '2023-11-04 00:45:19.099700 +00:00', null, null, true, false);
INSERT INTO public."Users" ("Id", "Information_FirstName", "Information_LastName", "Information_Age", "AvatarId", "PersonId", "UserName", "NormalizedUserName", "Email", "NormalizedEmail", "EmailConfirmed", "PasswordHash", "SecurityStamp", "ConcurrencyStamp", "PhoneNumber", "PhoneNumberConfirmed", "TwoFactorEnabled", "LockoutEnd", "LockoutEnabled", "AccessFailedCount", "CreatedAt", "UpdatedAt", "Subscription_Since", "Subscription_Id", "Subscription_FreeTrial", "Banned") VALUES ('5b20afe3-83f9-4119-a344-32dd00ab413a', 'Tomasz', 'Kowalski', 60, null, null, 'aa4', 'AA4', 'string4@string.pl', 'STRING4@STRING.PL', true, 'AQAAAAIAAYagAAAAEF6dacWo12eAcm+aE9jbK/HgskUhPdMsW9UWfzd1rXldtsdQzMmHgRvAPdkGAaJWYw==', 'WGZBAIDSDT244MEYNRCG4ANQOHWNBQMH', '676bc7ec-d38e-4b45-b672-3dcab6116ca5', null, false, false, null, true, 0, '2023-09-16 19:01:03.356941 +00:00', '2023-09-16 19:01:03.415327 +00:00', null, null, true, false);
INSERT INTO public."Users" ("Id", "Information_FirstName", "Information_LastName", "Information_Age", "AvatarId", "PersonId", "UserName", "NormalizedUserName", "Email", "NormalizedEmail", "EmailConfirmed", "PasswordHash", "SecurityStamp", "ConcurrencyStamp", "PhoneNumber", "PhoneNumberConfirmed", "TwoFactorEnabled", "LockoutEnd", "LockoutEnabled", "AccessFailedCount", "CreatedAt", "UpdatedAt", "Subscription_Since", "Subscription_Id", "Subscription_FreeTrial", "Banned") VALUES ('26e64c7e-4009-45d3-b7c6-7ed56fc46285', '', '', 20, null, null, 'qqq', 'QQQ', 'qqq@qqq.pl', 'QQQ@QQQ.PL', true, 'AQAAAAIAAYagAAAAEOgL7V3cQHCP9MtnruDj7q+9zkvvk8mtnDdBLFSeokWjRCukcbynzzkkAW5lGfnFLw==', '3H4ZQDIF3NCXEIOMTDXBTSBJTIIHRH5W', '5e9f31a1-7c5b-4a3f-85e6-e1db2363d33f', null, false, false, null, true, 0, '2023-10-14 10:11:05.491659 +00:00', '2023-10-14 10:11:41.887116 +00:00', null, null, true, false);
INSERT INTO public."Users" ("Id", "Information_FirstName", "Information_LastName", "Information_Age", "AvatarId", "PersonId", "UserName", "NormalizedUserName", "Email", "NormalizedEmail", "EmailConfirmed", "PasswordHash", "SecurityStamp", "ConcurrencyStamp", "PhoneNumber", "PhoneNumberConfirmed", "TwoFactorEnabled", "LockoutEnd", "LockoutEnabled", "AccessFailedCount", "CreatedAt", "UpdatedAt", "Subscription_Since", "Subscription_Id", "Subscription_FreeTrial", "Banned") VALUES ('f284767a-cb2f-4c74-a3ed-63b4b4cd6a75', 'qqq', 'qqq', 324, null, null, 'dsf', 'DSF', 'ddd@d.pl', 'DDD@D.PL', false, 'AQAAAAIAAYagAAAAEDmJlE+/v/oCcqr+KrqUBCH2fXJhSnGrWa2WsKZes+Ctrqvzq21/W3vkRd9CLLAG3g==', '4TRPAK63QLPISQMUIUO4ICROZMK6PVZ2', '31a641b9-735f-48f3-b38c-51eaea4cb62d', null, false, false, null, true, 0, '2023-10-12 22:20:47.670375 +00:00', '2023-10-12 22:20:47.704894 +00:00', null, null, true, false);
INSERT INTO public."Users" ("Id", "Information_FirstName", "Information_LastName", "Information_Age", "AvatarId", "PersonId", "UserName", "NormalizedUserName", "Email", "NormalizedEmail", "EmailConfirmed", "PasswordHash", "SecurityStamp", "ConcurrencyStamp", "PhoneNumber", "PhoneNumberConfirmed", "TwoFactorEnabled", "LockoutEnd", "LockoutEnabled", "AccessFailedCount", "CreatedAt", "UpdatedAt", "Subscription_Since", "Subscription_Id", "Subscription_FreeTrial", "Banned") VALUES ('c0daa0d7-9224-4f0d-9562-70e29e6c7080', null, null, 468, null, null, 'Trenton74', 'TRENTON74', 'Gudrun85@hotmail.com', 'GUDRUN85@HOTMAIL.COM', false, 'AQAAAAIAAYagAAAAEIsMyTmd2GRgH7atdZcaZ137nsFrqBA6t4PBFozBnmV9U3hUBIqOfEyBitjy8NRqiA==', '2ULSH3BZKXGXY2HDVWOAP3P7H32SJPTI', '7803a6af-863e-45e0-a869-1e70c2ef4bfb', null, false, false, null, true, 0, '2023-10-11 18:05:06.241881 +00:00', '2023-10-11 18:05:06.551611 +00:00', null, null, true, false);
INSERT INTO public."Users" ("Id", "Information_FirstName", "Information_LastName", "Information_Age", "AvatarId", "PersonId", "UserName", "NormalizedUserName", "Email", "NormalizedEmail", "EmailConfirmed", "PasswordHash", "SecurityStamp", "ConcurrencyStamp", "PhoneNumber", "PhoneNumberConfirmed", "TwoFactorEnabled", "LockoutEnd", "LockoutEnabled", "AccessFailedCount", "CreatedAt", "UpdatedAt", "Subscription_Since", "Subscription_Id", "Subscription_FreeTrial", "Banned") VALUES ('03bc386d-49be-4432-9972-0fce6f5b4f5d', 'Mateusz', 'Babiski', 23, '486f91e9-f399-4167-8361-091e540f7eaf', null, 'suzinb620', 'SUZINB620', 'matib620@gmail.com', 'MATIB620@GMAIL.COM', true, null, 'YLOQQZJSIIIMY43D4B34APUOT2QULTDE', 'c8366d64-1a75-483a-be99-5d1c05fde50a', null, false, false, null, true, 0, '2023-10-14 10:06:58.095765 +00:00', '2023-11-07 22:14:27.810992 +00:00', '2023-11-04 00:00:00.000000 +00:00', 'I-KCGVWAC9K162', false, false);
INSERT INTO public."Users" ("Id", "Information_FirstName", "Information_LastName", "Information_Age", "AvatarId", "PersonId", "UserName", "NormalizedUserName", "Email", "NormalizedEmail", "EmailConfirmed", "PasswordHash", "SecurityStamp", "ConcurrencyStamp", "PhoneNumber", "PhoneNumberConfirmed", "TwoFactorEnabled", "LockoutEnd", "LockoutEnabled", "AccessFailedCount", "CreatedAt", "UpdatedAt", "Subscription_Since", "Subscription_Id", "Subscription_FreeTrial", "Banned") VALUES ('de809e3c-5823-474a-8635-ea1a61e916e2', '', '', 31, null, null, 'aaaaaa', 'AAAAAA', 'aaaa@aaa.pl', 'AAAA@AAA.PL', false, 'AQAAAAIAAYagAAAAELeRs2trhMLDQLBaIh8U7vizNCXdkvI2SHUlGAHk9r1HBD2CjuKDWmHR/6DVNxR0AA==', 'LMGZJE5IVJU2EU32TREO3SZYOLQVWYVP', 'ea3a1527-cfe7-4403-ab40-4b1bda48729b', null, false, false, null, true, 0, '2023-10-24 21:19:48.070839 +00:00', '2023-10-24 21:19:48.138867 +00:00', null, null, true, false);
INSERT INTO public."Users" ("Id", "Information_FirstName", "Information_LastName", "Information_Age", "AvatarId", "PersonId", "UserName", "NormalizedUserName", "Email", "NormalizedEmail", "EmailConfirmed", "PasswordHash", "SecurityStamp", "ConcurrencyStamp", "PhoneNumber", "PhoneNumberConfirmed", "TwoFactorEnabled", "LockoutEnd", "LockoutEnabled", "AccessFailedCount", "CreatedAt", "UpdatedAt", "Subscription_Since", "Subscription_Id", "Subscription_FreeTrial", "Banned") VALUES ('ec962881-09fa-4227-909d-58446d584d5e', 'Mateusz', 'Babiski', 22, null, null, 'AA23B', 'AA23B', 'string1@string.pl', 'STRING1@STRING.PL', true, 'AQAAAAIAAYagAAAAENvmhXU6UJDu0FqmO1PTnnt7yJUgRs1JvWVUUSjlLYO8ICD/vRbJqIYmt8UCVVO0mQ==', 'O6SNYRG3GGC6PAZ6GVZQCYAJ5ZMR7FUU', 'd4e20a15-d955-43f8-9274-0ab72d077113', null, false, false, null, true, 0, '2023-09-16 19:01:02.390968 +00:00', '2023-09-16 19:01:02.576254 +00:00', null, null, true, false);
INSERT INTO public."Users" ("Id", "Information_FirstName", "Information_LastName", "Information_Age", "AvatarId", "PersonId", "UserName", "NormalizedUserName", "Email", "NormalizedEmail", "EmailConfirmed", "PasswordHash", "SecurityStamp", "ConcurrencyStamp", "PhoneNumber", "PhoneNumberConfirmed", "TwoFactorEnabled", "LockoutEnd", "LockoutEnabled", "AccessFailedCount", "CreatedAt", "UpdatedAt", "Subscription_Since", "Subscription_Id", "Subscription_FreeTrial", "Banned") VALUES ('2abe341b-1133-43dd-bfd7-6121974c91c3', '', '', 20, null, null, 'ppp', 'PPP', 'ppp@ppp.pl', 'PPP@PPP.PL', true, 'AQAAAAIAAYagAAAAEF7I5RkHcEjbXFZSreLyTqaFGbaWGfl45FoBlAyiNxLv7gApGX6lkWhrxom4QPlfFw==', 'DJMUQE32YRGNFTQRIULC5PG6E3B474XQ', 'bd747e7f-d4cd-4a8b-b695-8a097358b223', null, false, false, null, true, 0, '2023-10-13 11:37:17.985629 +00:00', '2023-10-13 11:37:18.534214 +00:00', null, null, true, false);
INSERT INTO public."Users" ("Id", "Information_FirstName", "Information_LastName", "Information_Age", "AvatarId", "PersonId", "UserName", "NormalizedUserName", "Email", "NormalizedEmail", "EmailConfirmed", "PasswordHash", "SecurityStamp", "ConcurrencyStamp", "PhoneNumber", "PhoneNumberConfirmed", "TwoFactorEnabled", "LockoutEnd", "LockoutEnabled", "AccessFailedCount", "CreatedAt", "UpdatedAt", "Subscription_Since", "Subscription_Id", "Subscription_FreeTrial", "Banned") VALUES ('7c8d1217-482a-4c20-9c94-5415a72a6273', 'Tomek', 'Kowalski', 18, null, null, '23AAb', '23AAB', 'string3@string.pl', 'STRING3@STRING.PL', true, 'AQAAAAIAAYagAAAAEBp4rTpxkeXFn73UUh7d530cKQQLXJQ9hVURO6lnOmtBEKzCi3dUF33N7Wl8izopiQ==', 'WZJNKJRCIE5RURTR4H25IYPSWDT36TXD', 'b9e5b39c-fcb4-46d7-bbfe-307ccb819555', null, false, false, null, true, 0, '2023-09-16 19:01:03.129619 +00:00', '2023-09-16 19:01:03.187568 +00:00', null, null, true, false);
INSERT INTO public."Users" ("Id", "Information_FirstName", "Information_LastName", "Information_Age", "AvatarId", "PersonId", "UserName", "NormalizedUserName", "Email", "NormalizedEmail", "EmailConfirmed", "PasswordHash", "SecurityStamp", "ConcurrencyStamp", "PhoneNumber", "PhoneNumberConfirmed", "TwoFactorEnabled", "LockoutEnd", "LockoutEnabled", "AccessFailedCount", "CreatedAt", "UpdatedAt", "Subscription_Since", "Subscription_Id", "Subscription_FreeTrial", "Banned") VALUES ('58473043-2a0e-430c-aed9-20827489ad6e', '', 'ggg', 20, null, null, 'aaa_pl', 'AAA_PL', 'aaa@aaa.pl', 'AAA@AAA.PL', true, 'AQAAAAIAAYagAAAAEIz9XL40GCsrSzI906+JSHtd7knQJek/TPBBxjyEOtDBfOfxIUvNftu0RTDI1HoRtA==', 'D2QB2BWUGIL2TWQKJSTGIEMDNHETJI6D', '033fbf34-ce2e-41c9-80de-20c1fe5bc413', null, false, false, null, true, 0, '2023-10-12 21:43:40.003707 +00:00', '2023-10-13 21:04:11.415010 +00:00', null, null, true, false);
INSERT INTO public."Users" ("Id", "Information_FirstName", "Information_LastName", "Information_Age", "AvatarId", "PersonId", "UserName", "NormalizedUserName", "Email", "NormalizedEmail", "EmailConfirmed", "PasswordHash", "SecurityStamp", "ConcurrencyStamp", "PhoneNumber", "PhoneNumberConfirmed", "TwoFactorEnabled", "LockoutEnd", "LockoutEnabled", "AccessFailedCount", "CreatedAt", "UpdatedAt", "Subscription_Since", "Subscription_Id", "Subscription_FreeTrial", "Banned") VALUES ('e6872670-2573-4f0c-8f78-9a7d3b35d0c0', 'asdfg', 'asfdsv', 20, null, null, 'lll', 'LLL', 'lll@lll.pl', 'LLL@LLL.PL', true, 'AQAAAAIAAYagAAAAEJnik6jlli00Y/S23rcnNmJvXhIW+K01rzs8Pso8bvzynVxEsi7lxAEvAexOIcpyjA==', 'TNAE5YPSIQVW3AYLORP6GG55KT5ITLXW', '8f971ab8-be07-440e-961b-1b2d73bd7ba5', null, false, false, null, true, 0, '2023-10-13 11:38:12.627478 +00:00', '2023-10-13 11:38:12.662360 +00:00', null, null, true, false);
INSERT INTO public."Users" ("Id", "Information_FirstName", "Information_LastName", "Information_Age", "AvatarId", "PersonId", "UserName", "NormalizedUserName", "Email", "NormalizedEmail", "EmailConfirmed", "PasswordHash", "SecurityStamp", "ConcurrencyStamp", "PhoneNumber", "PhoneNumberConfirmed", "TwoFactorEnabled", "LockoutEnd", "LockoutEnabled", "AccessFailedCount", "CreatedAt", "UpdatedAt", "Subscription_Since", "Subscription_Id", "Subscription_FreeTrial", "Banned") VALUES ('510e8711-fbfc-4031-ab68-e725d91a99e9', '', '', 3, null, null, 'bbb', 'BBB', 'bbb@bbb.pl', 'BBB@BBB.PL', false, 'AQAAAAIAAYagAAAAEAOST+FMrg8G+KuFWUXx2v1z8aFPyaNBWMoCYg5ozYYCkZVBHXwHCMZACam0RZdClQ==', '26CJGCT234U4UPOOFCW2XILL7LDPGEEK', '75836d29-6f2e-4ca2-baba-5da650e2749f', null, false, false, null, true, 0, '2023-10-12 22:17:38.222550 +00:00', '2023-10-12 22:17:38.253476 +00:00', null, null, true, false);
INSERT INTO public."Users" ("Id", "Information_FirstName", "Information_LastName", "Information_Age", "AvatarId", "PersonId", "UserName", "NormalizedUserName", "Email", "NormalizedEmail", "EmailConfirmed", "PasswordHash", "SecurityStamp", "ConcurrencyStamp", "PhoneNumber", "PhoneNumberConfirmed", "TwoFactorEnabled", "LockoutEnd", "LockoutEnabled", "AccessFailedCount", "CreatedAt", "UpdatedAt", "Subscription_Since", "Subscription_Id", "Subscription_FreeTrial", "Banned") VALUES ('f91c1ed6-4492-4c43-8472-fb4e1151dc87', 'Pawe', 'Kowalski', 18, null, null, '@23fsdaf', '@23FSDAF', 'string8@string.pl', 'STRING8@STRING.PL', true, 'AQAAAAIAAYagAAAAEEfqQNfVUKLVU3ZHi7hGlt24vwWnAnWcwQIsx8uytAWvOc0jr/3GLY3ID9NcY6cEvA==', '32LP7FPI6BYJ7QL6P4BY4XYDI5VGY3FC', 'b03745b2-dbdd-4be0-8cb3-8e42389b1b27', null, false, false, null, true, 0, '2023-09-16 19:01:04.083744 +00:00', '2023-09-16 19:01:04.133414 +00:00', null, null, true, false);
INSERT INTO public."Users" ("Id", "Information_FirstName", "Information_LastName", "Information_Age", "AvatarId", "PersonId", "UserName", "NormalizedUserName", "Email", "NormalizedEmail", "EmailConfirmed", "PasswordHash", "SecurityStamp", "ConcurrencyStamp", "PhoneNumber", "PhoneNumberConfirmed", "TwoFactorEnabled", "LockoutEnd", "LockoutEnabled", "AccessFailedCount", "CreatedAt", "UpdatedAt", "Subscription_Since", "Subscription_Id", "Subscription_FreeTrial", "Banned") VALUES ('9684952f-f386-4650-8562-888427a420b1', 'Ola', 'Kowalski', 99, null, null, 'elogdp', 'ELOGDP', 'string6@string.pl', 'STRING6@STRING.PL', true, 'AQAAAAIAAYagAAAAEMKfbdLvvXiEFUdrwkUr48B6MWEkAJXvKPqBsk08zfhJ3YiAklpdy7NRKsWCGkvO6w==', 'O6EG6WEIJFEIXYNVZTTHYFQR6C44IXQ3', '3b8622a6-aa39-429b-8d4e-4e6eb4be81bb', null, false, false, null, true, 0, '2023-09-16 19:01:03.757328 +00:00', '2023-09-16 19:01:03.810315 +00:00', null, null, true, false);
INSERT INTO public."Users" ("Id", "Information_FirstName", "Information_LastName", "Information_Age", "AvatarId", "PersonId", "UserName", "NormalizedUserName", "Email", "NormalizedEmail", "EmailConfirmed", "PasswordHash", "SecurityStamp", "ConcurrencyStamp", "PhoneNumber", "PhoneNumberConfirmed", "TwoFactorEnabled", "LockoutEnd", "LockoutEnabled", "AccessFailedCount", "CreatedAt", "UpdatedAt", "Subscription_Since", "Subscription_Id", "Subscription_FreeTrial", "Banned") VALUES ('3a16a2e9-6a08-4023-af10-7b2e56155fcf', 'Movieverse', null, 0, null, null, 'movieverse.do.not.reply', 'MOVIEVERSE.DO.NOT.REPLY', 'movieverse.do.not.reply@gmail.com', 'MOVIEVERSE.DO.NOT.REPLY@GMAIL.COM', true, null, 'AFWZEY5D2MP4RMCRACFHS7URWEENHGRU', '67954e84-003c-41c7-a070-a9cce70a878e', null, false, false, null, true, 0, '2023-11-04 01:03:55.187979 +00:00', '2023-11-07 22:14:46.363427 +00:00', null, null, true, false);
INSERT INTO public."Users" ("Id", "Information_FirstName", "Information_LastName", "Information_Age", "AvatarId", "PersonId", "UserName", "NormalizedUserName", "Email", "NormalizedEmail", "EmailConfirmed", "PasswordHash", "SecurityStamp", "ConcurrencyStamp", "PhoneNumber", "PhoneNumberConfirmed", "TwoFactorEnabled", "LockoutEnd", "LockoutEnabled", "AccessFailedCount", "CreatedAt", "UpdatedAt", "Subscription_Since", "Subscription_Id", "Subscription_FreeTrial", "Banned") VALUES ('05b74d91-f3fc-4a60-87fd-437438be1f85', 'Bartosz', 'Babiski', 22, null, null, 'abbcc', 'ABBCC', 'string2@string.pl', 'STRING2@STRING.PL', true, 'AQAAAAIAAYagAAAAEEr88VGFAzKBrqDdppzLjqz2e9UInym2VF6wSV5/sEwSvuMkCYwepSN6pDhfhTlOUQ==', 'LAM4YNGHBVXRYPO5XEWSJWIBMG7UUS66', '89cdb7ff-3c61-4d5b-894d-b6809bb925ca', null, false, false, null, true, 0, '2023-09-16 19:01:02.903273 +00:00', '2023-11-04 01:05:43.005895 +00:00', null, '<null>', true, false);

--mediaInfo
INSERT INTO public."MediaInfo" ("Id", "UserId", "MediaId", "IsOnWatchlist", "Rating") VALUES (35, '05b74d91-f3fc-4a60-87fd-437438be1f85', '8411a4b6-6416-4a16-a169-ea801bd3ede3', true, 0);
INSERT INTO public."MediaInfo" ("Id", "UserId", "MediaId", "IsOnWatchlist", "Rating") VALUES (36, '05b74d91-f3fc-4a60-87fd-437438be1f85', 'c6217d38-6c2c-48f9-b8a2-54d5a9c4a6dc', true, 0);
INSERT INTO public."MediaInfo" ("Id", "UserId", "MediaId", "IsOnWatchlist", "Rating") VALUES (8, '05b74d91-f3fc-4a60-87fd-437438be1f85', '725cc8ab-eb3d-4780-b9b4-3e6ae1953393', true, 0);
INSERT INTO public."MediaInfo" ("Id", "UserId", "MediaId", "IsOnWatchlist", "Rating") VALUES (37, '05b74d91-f3fc-4a60-87fd-437438be1f85', '5daedcde-5255-11ee-be56-0242ac120009', true, 0);
INSERT INTO public."MediaInfo" ("Id", "UserId", "MediaId", "IsOnWatchlist", "Rating") VALUES (9, '05b74d91-f3fc-4a60-87fd-437438be1f85', '4e8b1bf0-64eb-4505-a87a-3d138737b273', true, 0);
INSERT INTO public."MediaInfo" ("Id", "UserId", "MediaId", "IsOnWatchlist", "Rating") VALUES (38, '05b74d91-f3fc-4a60-87fd-437438be1f85', '041fa143-11e9-491b-8569-874d79383764', false, 0);
INSERT INTO public."MediaInfo" ("Id", "UserId", "MediaId", "IsOnWatchlist", "Rating") VALUES (39, '05b74d91-f3fc-4a60-87fd-437438be1f85', '27350afa-e9b6-42b9-8f5d-c3a7d5e6ee6d', false, 0);
INSERT INTO public."MediaInfo" ("Id", "UserId", "MediaId", "IsOnWatchlist", "Rating") VALUES (10, '05b74d91-f3fc-4a60-87fd-437438be1f85', '5ad0f1ce-ca68-4858-8631-e2aaa939cbb7', true, 0);
INSERT INTO public."MediaInfo" ("Id", "UserId", "MediaId", "IsOnWatchlist", "Rating") VALUES (2, '05b74d91-f3fc-4a60-87fd-437438be1f85', '0a3bf8ef-d29d-4121-8d22-e6471ce619f0', true, 0);
INSERT INTO public."MediaInfo" ("Id", "UserId", "MediaId", "IsOnWatchlist", "Rating") VALUES (41, '05b74d91-f3fc-4a60-87fd-437438be1f85', '6d662323-630f-409a-919b-8bbff74758c5', false, 0);
INSERT INTO public."MediaInfo" ("Id", "UserId", "MediaId", "IsOnWatchlist", "Rating") VALUES (3, '05b74d91-f3fc-4a60-87fd-437438be1f85', '0efb96b1-9db9-4890-bb8b-8dcdd713fd60', true, 0);
INSERT INTO public."MediaInfo" ("Id", "UserId", "MediaId", "IsOnWatchlist", "Rating") VALUES (43, '16900a5d-fe02-4b8f-ae31-01e3ce0d1d78', '5ad0f1ce-ca68-4858-8631-e2aaa939cbb7', true, 0);
INSERT INTO public."MediaInfo" ("Id", "UserId", "MediaId", "IsOnWatchlist", "Rating") VALUES (13, '05b74d91-f3fc-4a60-87fd-437438be1f85', '9c814fc1-a047-48ab-8758-8cac1a63ec4e', true, 0);
INSERT INTO public."MediaInfo" ("Id", "UserId", "MediaId", "IsOnWatchlist", "Rating") VALUES (46, '16900a5d-fe02-4b8f-ae31-01e3ce0d1d78', '6d662323-630f-409a-919b-8bbff74758c5', true, 0);
INSERT INTO public."MediaInfo" ("Id", "UserId", "MediaId", "IsOnWatchlist", "Rating") VALUES (62, '03bc386d-49be-4432-9972-0fce6f5b4f5d', '72c5b9a6-f054-4a3f-86f2-abc9337b8d99', true, 0);
INSERT INTO public."MediaInfo" ("Id", "UserId", "MediaId", "IsOnWatchlist", "Rating") VALUES (63, '03bc386d-49be-4432-9972-0fce6f5b4f5d', '74fef43b-e72c-4ffc-9cf9-ffb999803b55', false, 0);
INSERT INTO public."MediaInfo" ("Id", "UserId", "MediaId", "IsOnWatchlist", "Rating") VALUES (4, '05b74d91-f3fc-4a60-87fd-437438be1f85', 'c97f087a-059a-486a-8e2c-3d1db52c612f', true, 10);
INSERT INTO public."MediaInfo" ("Id", "UserId", "MediaId", "IsOnWatchlist", "Rating") VALUES (54, '03bc386d-49be-4432-9972-0fce6f5b4f5d', '3f11662f-4346-4802-bc64-066c544e4c05', true, 0);
INSERT INTO public."MediaInfo" ("Id", "UserId", "MediaId", "IsOnWatchlist", "Rating") VALUES (75, '05b74d91-f3fc-4a60-87fd-437438be1f85', '3c6d208c-1472-48a1-aa02-736c8ecd8518', false, 10);
INSERT INTO public."MediaInfo" ("Id", "UserId", "MediaId", "IsOnWatchlist", "Rating") VALUES (64, '03bc386d-49be-4432-9972-0fce6f5b4f5d', '5b451f11-54aa-43df-b9a7-9bcc4e341a41', false, 0);
INSERT INTO public."MediaInfo" ("Id", "UserId", "MediaId", "IsOnWatchlist", "Rating") VALUES (49, '16900a5d-fe02-4b8f-ae31-01e3ce0d1d78', 'c6217d38-6c2c-48f9-b8a2-54d5a9c4a6dc', true, 0);
INSERT INTO public."MediaInfo" ("Id", "UserId", "MediaId", "IsOnWatchlist", "Rating") VALUES (48, '16900a5d-fe02-4b8f-ae31-01e3ce0d1d78', '49009460-a91d-4dcf-9daf-3e13d9625996', false, 0);
INSERT INTO public."MediaInfo" ("Id", "UserId", "MediaId", "IsOnWatchlist", "Rating") VALUES (44, '16900a5d-fe02-4b8f-ae31-01e3ce0d1d78', '72c5b9a6-f054-4a3f-86f2-abc9337b8d99', true, 0);
INSERT INTO public."MediaInfo" ("Id", "UserId", "MediaId", "IsOnWatchlist", "Rating") VALUES (76, '03bc386d-49be-4432-9972-0fce6f5b4f5d', 'c97f087a-059a-486a-8e2c-3d1db52c612f', true, 8);
INSERT INTO public."MediaInfo" ("Id", "UserId", "MediaId", "IsOnWatchlist", "Rating") VALUES (47, '16900a5d-fe02-4b8f-ae31-01e3ce0d1d78', '041fa143-11e9-491b-8569-874d79383764', true, 0);
INSERT INTO public."MediaInfo" ("Id", "UserId", "MediaId", "IsOnWatchlist", "Rating") VALUES (50, '16900a5d-fe02-4b8f-ae31-01e3ce0d1d78', 'f1a210ae-a45f-4e60-8ca5-a38d48b76395', false, 0);
INSERT INTO public."MediaInfo" ("Id", "UserId", "MediaId", "IsOnWatchlist", "Rating") VALUES (61, '03bc386d-49be-4432-9972-0fce6f5b4f5d', '6d662323-630f-409a-919b-8bbff74758c5', false, 0);
INSERT INTO public."MediaInfo" ("Id", "UserId", "MediaId", "IsOnWatchlist", "Rating") VALUES (79, '94190898-3da0-471f-8c22-b35e7d8c87fc', 'c99ec4e9-4307-40ae-815d-d18a5c43baaf', true, 0);
INSERT INTO public."MediaInfo" ("Id", "UserId", "MediaId", "IsOnWatchlist", "Rating") VALUES (80, '94190898-3da0-471f-8c22-b35e7d8c87fc', '041fa143-11e9-491b-8569-874d79383764', true, 0);
INSERT INTO public."MediaInfo" ("Id", "UserId", "MediaId", "IsOnWatchlist", "Rating") VALUES (81, '94190898-3da0-471f-8c22-b35e7d8c87fc', '0efb96b1-9db9-4890-bb8b-8dcdd713fd60', true, 0);
INSERT INTO public."MediaInfo" ("Id", "UserId", "MediaId", "IsOnWatchlist", "Rating") VALUES (78, '94190898-3da0-471f-8c22-b35e7d8c87fc', 'c97f087a-059a-486a-8e2c-3d1db52c612f', true, 10);
INSERT INTO public."MediaInfo" ("Id", "UserId", "MediaId", "IsOnWatchlist", "Rating") VALUES (45, '16900a5d-fe02-4b8f-ae31-01e3ce0d1d78', '725cc8ab-eb3d-4780-b9b4-3e6ae1953393', false, 0);
INSERT INTO public."MediaInfo" ("Id", "UserId", "MediaId", "IsOnWatchlist", "Rating") VALUES (42, '16900a5d-fe02-4b8f-ae31-01e3ce0d1d78', 'c99ec4e9-4307-40ae-815d-d18a5c43baaf', false, 0);
INSERT INTO public."MediaInfo" ("Id", "UserId", "MediaId", "IsOnWatchlist", "Rating") VALUES (27, '05b74d91-f3fc-4a60-87fd-437438be1f85', '1bb77c25-1401-435a-a4bf-9a874f4ac1b8', true, 0);
INSERT INTO public."MediaInfo" ("Id", "UserId", "MediaId", "IsOnWatchlist", "Rating") VALUES (51, '16900a5d-fe02-4b8f-ae31-01e3ce0d1d78', '9c814fc1-a047-48ab-8758-8cac1a63ec4e', true, 0);
INSERT INTO public."MediaInfo" ("Id", "UserId", "MediaId", "IsOnWatchlist", "Rating") VALUES (29, '05b74d91-f3fc-4a60-87fd-437438be1f85', '3c4dfe1d-8f7d-4aa6-a2ba-a8a8b6169cee', true, 0);
INSERT INTO public."MediaInfo" ("Id", "UserId", "MediaId", "IsOnWatchlist", "Rating") VALUES (21, '05b74d91-f3fc-4a60-87fd-437438be1f85', '28faed2b-090f-4fe0-8556-40af35eef3c5', true, 0);
INSERT INTO public."MediaInfo" ("Id", "UserId", "MediaId", "IsOnWatchlist", "Rating") VALUES (16, '05b74d91-f3fc-4a60-87fd-437438be1f85', '5b451f11-54aa-43df-b9a7-9bcc4e341a41', true, 0);
INSERT INTO public."MediaInfo" ("Id", "UserId", "MediaId", "IsOnWatchlist", "Rating") VALUES (30, '05b74d91-f3fc-4a60-87fd-437438be1f85', 'bbc81d3d-7c9a-42bf-9de0-8e2d500947a3', true, 0);
INSERT INTO public."MediaInfo" ("Id", "UserId", "MediaId", "IsOnWatchlist", "Rating") VALUES (53, '03bc386d-49be-4432-9972-0fce6f5b4f5d', 'c99ec4e9-4307-40ae-815d-d18a5c43baaf', true, 0);
INSERT INTO public."MediaInfo" ("Id", "UserId", "MediaId", "IsOnWatchlist", "Rating") VALUES (31, '05b74d91-f3fc-4a60-87fd-437438be1f85', '9a87e448-9062-48bb-855b-7e7f28eab8a0', true, 0);
INSERT INTO public."MediaInfo" ("Id", "UserId", "MediaId", "IsOnWatchlist", "Rating") VALUES (55, '03bc386d-49be-4432-9972-0fce6f5b4f5d', '9c814fc1-a047-48ab-8758-8cac1a63ec4e', false, 0);
INSERT INTO public."MediaInfo" ("Id", "UserId", "MediaId", "IsOnWatchlist", "Rating") VALUES (33, '05b74d91-f3fc-4a60-87fd-437438be1f85', '0efb96b1-9db9-4890-bb8b-8dcdd713fd69', true, 0);
INSERT INTO public."MediaInfo" ("Id", "UserId", "MediaId", "IsOnWatchlist", "Rating") VALUES (34, '05b74d91-f3fc-4a60-87fd-437438be1f85', 'b64d34d0-1f2c-4226-a718-fc46f62314ff', true, 0);
INSERT INTO public."MediaInfo" ("Id", "UserId", "MediaId", "IsOnWatchlist", "Rating") VALUES (56, '03bc386d-49be-4432-9972-0fce6f5b4f5d', '0efb96b1-9db9-4890-bb8b-8dcdd713fd60', true, 0);
INSERT INTO public."MediaInfo" ("Id", "UserId", "MediaId", "IsOnWatchlist", "Rating") VALUES (59, '03bc386d-49be-4432-9972-0fce6f5b4f5d', 'b64d34d0-1f2c-4226-a718-fc46f62314ff', true, 0);
INSERT INTO public."MediaInfo" ("Id", "UserId", "MediaId", "IsOnWatchlist", "Rating") VALUES (58, '03bc386d-49be-4432-9972-0fce6f5b4f5d', '3d8be772-522f-4e73-9997-94bd1f8383ef', false, 7);
INSERT INTO public."MediaInfo" ("Id", "UserId", "MediaId", "IsOnWatchlist", "Rating") VALUES (65, '03bc386d-49be-4432-9972-0fce6f5b4f5d', '49009460-a91d-4dcf-9daf-3e13d9625996', false, 0);
INSERT INTO public."MediaInfo" ("Id", "UserId", "MediaId", "IsOnWatchlist", "Rating") VALUES (66, '05b74d91-f3fc-4a60-87fd-437438be1f85', 'ae3d96af-c693-4f52-84a2-e5521fa5c636', true, 0);
INSERT INTO public."MediaInfo" ("Id", "UserId", "MediaId", "IsOnWatchlist", "Rating") VALUES (68, '03bc386d-49be-4432-9972-0fce6f5b4f5d', 'bbc81d3d-7c9a-42bf-9de0-8e2d500947a3', true, 0);
INSERT INTO public."MediaInfo" ("Id", "UserId", "MediaId", "IsOnWatchlist", "Rating") VALUES (67, '03bc386d-49be-4432-9972-0fce6f5b4f5d', '2dae5997-59f4-4525-a054-5fc92efeb8b0', false, 0);
INSERT INTO public."MediaInfo" ("Id", "UserId", "MediaId", "IsOnWatchlist", "Rating") VALUES (70, '03bc386d-49be-4432-9972-0fce6f5b4f5d', '27350afa-e9b6-42b9-8f5d-c3a7d5e6ee6d', true, 0);
INSERT INTO public."MediaInfo" ("Id", "UserId", "MediaId", "IsOnWatchlist", "Rating") VALUES (71, '03bc386d-49be-4432-9972-0fce6f5b4f5d', 'ae3d96af-c693-4f52-84a2-e5521fa5c636', true, 0);
INSERT INTO public."MediaInfo" ("Id", "UserId", "MediaId", "IsOnWatchlist", "Rating") VALUES (72, '03bc386d-49be-4432-9972-0fce6f5b4f5d', '28faed2b-090f-4fe0-8556-40af35eef3c5', true, 0);
INSERT INTO public."MediaInfo" ("Id", "UserId", "MediaId", "IsOnWatchlist", "Rating") VALUES (77, '03bc386d-49be-4432-9972-0fce6f5b4f5d', 'f557684a-4755-11ee-be56-0242ac120002', false, 3);
INSERT INTO public."MediaInfo" ("Id", "UserId", "MediaId", "IsOnWatchlist", "Rating") VALUES (40, '05b74d91-f3fc-4a60-87fd-437438be1f85', 'c99ec4e9-4307-40ae-815d-d18a5c43baaf', true, 0);
INSERT INTO public."MediaInfo" ("Id", "UserId", "MediaId", "IsOnWatchlist", "Rating") VALUES (69, '03bc386d-49be-4432-9972-0fce6f5b4f5d', '5daedcde-5255-11ee-be56-0242ac120009', false, 0);
INSERT INTO public."MediaInfo" ("Id", "UserId", "MediaId", "IsOnWatchlist", "Rating") VALUES (60, '03bc386d-49be-4432-9972-0fce6f5b4f5d', '725cc8ab-eb3d-4780-b9b4-3e6ae1953393', true, 0);
INSERT INTO public."MediaInfo" ("Id", "UserId", "MediaId", "IsOnWatchlist", "Rating") VALUES (73, '03bc386d-49be-4432-9972-0fce6f5b4f5d', '4e8b1bf0-64eb-4505-a87a-3d138737b273', true, 0);
INSERT INTO public."MediaInfo" ("Id", "UserId", "MediaId", "IsOnWatchlist", "Rating") VALUES (74, '03bc386d-49be-4432-9972-0fce6f5b4f5d', '5ad0f1ce-ca68-4858-8631-e2aaa939cbb7', true, 0);
--mediaPlatformIds
INSERT INTO public."MediaPlatformIds" ("Id", "MediaId", "PlatformId") VALUES (1, '0efb96b1-9db9-4890-bb8b-8dcdd713fd60', '8d789796-2980-422b-b69b-c27a732c23b1');
INSERT INTO public."MediaPlatformIds" ("Id", "MediaId", "PlatformId") VALUES (2, '0efb96b1-9db9-4890-bb8b-8dcdd713fd69', '8d789796-2980-422b-b69b-c27a732c23b1');
INSERT INTO public."MediaPlatformIds" ("Id", "MediaId", "PlatformId") VALUES (3, '0e06c2d8-bc3c-4097-bf5b-1ad3385a77f3', '8d789796-2980-422b-b69b-c27a732c23b1');
INSERT INTO public."MediaPlatformIds" ("Id", "MediaId", "PlatformId") VALUES (4, 'ca703719-a033-49f9-a918-4a6d5a207487', '21680ab0-6640-4a69-b4c0-c6cc7976431c');
INSERT INTO public."MediaPlatformIds" ("Id", "MediaId", "PlatformId") VALUES (5, 'c99ec4e9-4307-40ae-815d-d18a5c43baaf', '21680ab0-6640-4a69-b4c0-c6cc7976431c');
INSERT INTO public."MediaPlatformIds" ("Id", "MediaId", "PlatformId") VALUES (6, 'fe55a74e-b2fb-4bba-98f2-175c5132af60', '21680ab0-6640-4a69-b4c0-c6cc7976431c');
INSERT INTO public."MediaPlatformIds" ("Id", "MediaId", "PlatformId") VALUES (7, 'fe55a74e-b2fb-4bba-98f2-175c5132af60', '8d789796-2980-422b-b69b-c27a732c23b1');
INSERT INTO public."MediaPlatformIds" ("Id", "MediaId", "PlatformId") VALUES (8, '0a3bf8ef-d29d-4121-8d22-e6471ce619f0', '21680ab0-6640-4a69-b4c0-c6cc7976431c');
INSERT INTO public."MediaPlatformIds" ("Id", "MediaId", "PlatformId") VALUES (9, 'edfb9107-5e13-4a6c-a142-5d8eac0aa29d', '5ab8ff73-3866-4fff-b74a-4a17a858bec9');
INSERT INTO public."MediaPlatformIds" ("Id", "MediaId", "PlatformId") VALUES (10, '5ad0f1ce-ca68-4858-8631-e2aaa939cbb7', '5ab8ff73-3866-4fff-b74a-4a17a858bec9');
INSERT INTO public."MediaPlatformIds" ("Id", "MediaId", "PlatformId") VALUES (11, '4e8b1bf0-64eb-4505-a87a-3d138737b273', '5ab8ff73-3866-4fff-b74a-4a17a858bec9');
INSERT INTO public."MediaPlatformIds" ("Id", "MediaId", "PlatformId") VALUES (12, 'c97f087a-059a-486a-8e2c-3d1db52c612f', 'cfe0504b-1877-49c9-9167-f9d5782bbf02');
INSERT INTO public."MediaPlatformIds" ("Id", "MediaId", "PlatformId") VALUES (13, 'c8488872-4b87-489b-a8f4-4c7e9e41d5a9', 'cfe0504b-1877-49c9-9167-f9d5782bbf02');
INSERT INTO public."MediaPlatformIds" ("Id", "MediaId", "PlatformId") VALUES (14, 'c8488872-4b87-489b-a8f4-4c7e9e41d5a9', '8d789796-2980-422b-b69b-c27a732c23b1');
INSERT INTO public."MediaPlatformIds" ("Id", "MediaId", "PlatformId") VALUES (15, '3d8be772-522f-4e73-9997-94bd1f8383ef', 'cfe0504b-1877-49c9-9167-f9d5782bbf02');
INSERT INTO public."MediaPlatformIds" ("Id", "MediaId", "PlatformId") VALUES (16, 'f557684a-4755-11ee-be56-0242ac120002', '8d789796-2980-422b-b69b-c27a732c23b1');
INSERT INTO public."MediaPlatformIds" ("Id", "MediaId", "PlatformId") VALUES (17, '5daedcde-5255-11ee-be56-0242ac120009', '8d789796-2980-422b-b69b-c27a732c23b1');
INSERT INTO public."MediaPlatformIds" ("Id", "MediaId", "PlatformId") VALUES (18, '0fa72317-19f0-440a-be88-4993bc59923d', '8d789796-2980-422b-b69b-c27a732c23b1');
INSERT INTO public."MediaPlatformIds" ("Id", "MediaId", "PlatformId") VALUES (19, 'f6e96d28-9a55-4979-9afd-dcd369022ecb', '8d789796-2980-422b-b69b-c27a732c23b1');
INSERT INTO public."MediaPlatformIds" ("Id", "MediaId", "PlatformId") VALUES (20, 'aef11aae-0a04-4b14-910f-b43bf1095f5b', '8d789796-2980-422b-b69b-c27a732c23b1');
INSERT INTO public."MediaPlatformIds" ("Id", "MediaId", "PlatformId") VALUES (21, '9a87e448-9062-48bb-855b-7e7f28eab8a0', '8d789796-2980-422b-b69b-c27a732c23b1');
INSERT INTO public."MediaPlatformIds" ("Id", "MediaId", "PlatformId") VALUES (22, '86a294b4-c90b-46c5-b161-29d6acf7d4a1', '8d789796-2980-422b-b69b-c27a732c23b1');
INSERT INTO public."MediaPlatformIds" ("Id", "MediaId", "PlatformId") VALUES (23, 'f1a210ae-a45f-4e60-8ca5-a38d48b76395', '8d789796-2980-422b-b69b-c27a732c23b1');
INSERT INTO public."MediaPlatformIds" ("Id", "MediaId", "PlatformId") VALUES (24, 'b2903bc8-5a33-46ab-8061-935b040e20b4', '8d789796-2980-422b-b69b-c27a732c23b1');
INSERT INTO public."MediaPlatformIds" ("Id", "MediaId", "PlatformId") VALUES (25, 'adae397d-7184-4c50-9881-936834257712', '8d789796-2980-422b-b69b-c27a732c23b1');
INSERT INTO public."MediaPlatformIds" ("Id", "MediaId", "PlatformId") VALUES (26, 'bbe620f4-13b1-4e1b-993e-bd1fff7e1344', '8d789796-2980-422b-b69b-c27a732c23b1');
INSERT INTO public."MediaPlatformIds" ("Id", "MediaId", "PlatformId") VALUES (27, '9c814fc1-a047-48ab-8758-8cac1a63ec4e', '8d789796-2980-422b-b69b-c27a732c23b1');
INSERT INTO public."MediaPlatformIds" ("Id", "MediaId", "PlatformId") VALUES (28, '2dae5997-59f4-4525-a054-5fc92efeb8b0', '21680ab0-6640-4a69-b4c0-c6cc7976431c');
INSERT INTO public."MediaPlatformIds" ("Id", "MediaId", "PlatformId") VALUES (29, '5b451f11-54aa-43df-b9a7-9bcc4e341a41', '21680ab0-6640-4a69-b4c0-c6cc7976431c');
INSERT INTO public."MediaPlatformIds" ("Id", "MediaId", "PlatformId") VALUES (30, '72c5b9a6-f054-4a3f-86f2-abc9337b8d99', '21680ab0-6640-4a69-b4c0-c6cc7976431c');
INSERT INTO public."MediaPlatformIds" ("Id", "MediaId", "PlatformId") VALUES (31, '3f11662f-4346-4802-bc64-066c544e4c05', '21680ab0-6640-4a69-b4c0-c6cc7976431c');
INSERT INTO public."MediaPlatformIds" ("Id", "MediaId", "PlatformId") VALUES (32, '3f11662f-4346-4802-bc64-066c544e4c05', '8d789796-2980-422b-b69b-c27a732c23b1');
INSERT INTO public."MediaPlatformIds" ("Id", "MediaId", "PlatformId") VALUES (33, 'bbc81d3d-7c9a-42bf-9de0-8e2d500947a3', '21680ab0-6640-4a69-b4c0-c6cc7976431c');
INSERT INTO public."MediaPlatformIds" ("Id", "MediaId", "PlatformId") VALUES (34, 'bbc81d3d-7c9a-42bf-9de0-8e2d500947a3', '8d789796-2980-422b-b69b-c27a732c23b1');
INSERT INTO public."MediaPlatformIds" ("Id", "MediaId", "PlatformId") VALUES (35, 'b5939765-861d-4637-8370-d4e5afc51dd8', '21680ab0-6640-4a69-b4c0-c6cc7976431c');
INSERT INTO public."MediaPlatformIds" ("Id", "MediaId", "PlatformId") VALUES (36, '74fef43b-e72c-4ffc-9cf9-ffb999803b55', '21680ab0-6640-4a69-b4c0-c6cc7976431c');
INSERT INTO public."MediaPlatformIds" ("Id", "MediaId", "PlatformId") VALUES (37, '982fe8b8-d392-4f7e-8a55-8fc19ea1448d', '21680ab0-6640-4a69-b4c0-c6cc7976431c');
INSERT INTO public."MediaPlatformIds" ("Id", "MediaId", "PlatformId") VALUES (38, 'dd952014-d657-4e29-8bbc-5a12b94aafc3', '21680ab0-6640-4a69-b4c0-c6cc7976431c');
INSERT INTO public."MediaPlatformIds" ("Id", "MediaId", "PlatformId") VALUES (39, '725cc8ab-eb3d-4780-b9b4-3e6ae1953393', '21680ab0-6640-4a69-b4c0-c6cc7976431c');
INSERT INTO public."MediaPlatformIds" ("Id", "MediaId", "PlatformId") VALUES (40, '67cb87e2-16e1-4908-8247-d351f0249e75', '21680ab0-6640-4a69-b4c0-c6cc7976431c');
INSERT INTO public."MediaPlatformIds" ("Id", "MediaId", "PlatformId") VALUES (41, '6d662323-630f-409a-919b-8bbff74758c5', '21680ab0-6640-4a69-b4c0-c6cc7976431c');
INSERT INTO public."MediaPlatformIds" ("Id", "MediaId", "PlatformId") VALUES (42, '396a131b-56d3-4106-a92e-ec15bd7a0cc9', '5ab8ff73-3866-4fff-b74a-4a17a858bec9');
INSERT INTO public."MediaPlatformIds" ("Id", "MediaId", "PlatformId") VALUES (43, '27350afa-e9b6-42b9-8f5d-c3a7d5e6ee6d', '5ab8ff73-3866-4fff-b74a-4a17a858bec9');
INSERT INTO public."MediaPlatformIds" ("Id", "MediaId", "PlatformId") VALUES (44, '041fa143-11e9-491b-8569-874d79383764', '5ab8ff73-3866-4fff-b74a-4a17a858bec9');
INSERT INTO public."MediaPlatformIds" ("Id", "MediaId", "PlatformId") VALUES (45, 'b64d34d0-1f2c-4226-a718-fc46f62314ff', '5ab8ff73-3866-4fff-b74a-4a17a858bec9');
INSERT INTO public."MediaPlatformIds" ("Id", "MediaId", "PlatformId") VALUES (46, '8411a4b6-6416-4a16-a169-ea801bd3ede3', '5ab8ff73-3866-4fff-b74a-4a17a858bec9');
INSERT INTO public."MediaPlatformIds" ("Id", "MediaId", "PlatformId") VALUES (47, '28faed2b-090f-4fe0-8556-40af35eef3c5', 'cfe0504b-1877-49c9-9167-f9d5782bbf02');
INSERT INTO public."MediaPlatformIds" ("Id", "MediaId", "PlatformId") VALUES (48, '39d1c13d-e2f6-4497-9c72-4f7197dd0b5d', 'cfe0504b-1877-49c9-9167-f9d5782bbf02');
INSERT INTO public."MediaPlatformIds" ("Id", "MediaId", "PlatformId") VALUES (49, '1153d480-8dfd-4250-b529-34c909d0c240', 'cfe0504b-1877-49c9-9167-f9d5782bbf02');
INSERT INTO public."MediaPlatformIds" ("Id", "MediaId", "PlatformId") VALUES (50, '1153d480-8dfd-4250-b529-34c909d0c240', '21680ab0-6640-4a69-b4c0-c6cc7976431c');
INSERT INTO public."MediaPlatformIds" ("Id", "MediaId", "PlatformId") VALUES (51, 'c6217d38-6c2c-48f9-b8a2-54d5a9c4a6dc', 'cfe0504b-1877-49c9-9167-f9d5782bbf02');
INSERT INTO public."MediaPlatformIds" ("Id", "MediaId", "PlatformId") VALUES (52, '2b24cdb9-e48f-4488-a5cc-e09f26a223ac', 'cfe0504b-1877-49c9-9167-f9d5782bbf02');
INSERT INTO public."MediaPlatformIds" ("Id", "MediaId", "PlatformId") VALUES (53, '49009460-a91d-4dcf-9daf-3e13d9625996', 'cfe0504b-1877-49c9-9167-f9d5782bbf02');
INSERT INTO public."MediaPlatformIds" ("Id", "MediaId", "PlatformId") VALUES (54, 'd3d18c5e-11e7-4e53-ae1a-27caf80fcf2e', 'cfe0504b-1877-49c9-9167-f9d5782bbf02');
INSERT INTO public."MediaPlatformIds" ("Id", "MediaId", "PlatformId") VALUES (55, 'ae3d96af-c693-4f52-84a2-e5521fa5c636', 'cfe0504b-1877-49c9-9167-f9d5782bbf02');
INSERT INTO public."MediaPlatformIds" ("Id", "MediaId", "PlatformId") VALUES (56, '3c4dfe1d-8f7d-4aa6-a2ba-a8a8b6169cee', 'cfe0504b-1877-49c9-9167-f9d5782bbf02');
INSERT INTO public."MediaPlatformIds" ("Id", "MediaId", "PlatformId") VALUES (57, '1bb77c25-1401-435a-a4bf-9a874f4ac1b8', 'cfe0504b-1877-49c9-9167-f9d5782bbf02');
INSERT INTO public."MediaPlatformIds" ("Id", "MediaId", "PlatformId") VALUES (58, '9978e1dd-895c-4fe5-8f33-f121ac4a063f', 'cfe0504b-1877-49c9-9167-f9d5782bbf02');
INSERT INTO public."MediaPlatformIds" ("Id", "MediaId", "PlatformId") VALUES (59, '9978e1dd-895c-4fe5-8f33-f121ac4a063f', 'a294db9a-7d21-46b0-8c09-3721404f00af');
INSERT INTO public."MediaPlatformIds" ("Id", "MediaId", "PlatformId") VALUES (60, '1bb77c25-1401-435a-a4bf-9a874f4ac1b8', 'a294db9a-7d21-46b0-8c09-3721404f00af');
INSERT INTO public."MediaPlatformIds" ("Id", "MediaId", "PlatformId") VALUES (61, '3c4dfe1d-8f7d-4aa6-a2ba-a8a8b6169cee', 'a294db9a-7d21-46b0-8c09-3721404f00af');
INSERT INTO public."MediaPlatformIds" ("Id", "MediaId", "PlatformId") VALUES (62, 'ae3d96af-c693-4f52-84a2-e5521fa5c636', 'a294db9a-7d21-46b0-8c09-3721404f00af');
INSERT INTO public."MediaPlatformIds" ("Id", "MediaId", "PlatformId") VALUES (63, 'd3d18c5e-11e7-4e53-ae1a-27caf80fcf2e', 'a294db9a-7d21-46b0-8c09-3721404f00af');
INSERT INTO public."MediaPlatformIds" ("Id", "MediaId", "PlatformId") VALUES (64, '49009460-a91d-4dcf-9daf-3e13d9625996', 'a294db9a-7d21-46b0-8c09-3721404f00af');
INSERT INTO public."MediaPlatformIds" ("Id", "MediaId", "PlatformId") VALUES (65, '2b24cdb9-e48f-4488-a5cc-e09f26a223ac', 'a294db9a-7d21-46b0-8c09-3721404f00af');
INSERT INTO public."MediaPlatformIds" ("Id", "MediaId", "PlatformId") VALUES (66, 'c6217d38-6c2c-48f9-b8a2-54d5a9c4a6dc', 'a294db9a-7d21-46b0-8c09-3721404f00af');
INSERT INTO public."MediaPlatformIds" ("Id", "MediaId", "PlatformId") VALUES (67, '1153d480-8dfd-4250-b529-34c909d0c240', 'a294db9a-7d21-46b0-8c09-3721404f00af');
INSERT INTO public."MediaPlatformIds" ("Id", "MediaId", "PlatformId") VALUES (68, '39d1c13d-e2f6-4497-9c72-4f7197dd0b5d', 'a294db9a-7d21-46b0-8c09-3721404f00af');
INSERT INTO public."MediaPlatformIds" ("Id", "MediaId", "PlatformId") VALUES (69, '8411a4b6-6416-4a16-a169-ea801bd3ede3', 'a294db9a-7d21-46b0-8c09-3721404f00af');
INSERT INTO public."MediaPlatformIds" ("Id", "MediaId", "PlatformId") VALUES (70, 'b64d34d0-1f2c-4226-a718-fc46f62314ff', 'a294db9a-7d21-46b0-8c09-3721404f00af');
INSERT INTO public."MediaPlatformIds" ("Id", "MediaId", "PlatformId") VALUES (71, '041fa143-11e9-491b-8569-874d79383764', 'a294db9a-7d21-46b0-8c09-3721404f00af');
INSERT INTO public."MediaPlatformIds" ("Id", "MediaId", "PlatformId") VALUES (72, '27350afa-e9b6-42b9-8f5d-c3a7d5e6ee6d', 'a294db9a-7d21-46b0-8c09-3721404f00af');
INSERT INTO public."MediaPlatformIds" ("Id", "MediaId", "PlatformId") VALUES (73, 'dd952014-d657-4e29-8bbc-5a12b94aafc3', 'a294db9a-7d21-46b0-8c09-3721404f00af');
INSERT INTO public."MediaPlatformIds" ("Id", "MediaId", "PlatformId") VALUES (74, 'b5939765-861d-4637-8370-d4e5afc51dd8', 'a294db9a-7d21-46b0-8c09-3721404f00af');
INSERT INTO public."MediaPlatformIds" ("Id", "MediaId", "PlatformId") VALUES (75, '2dae5997-59f4-4525-a054-5fc92efeb8b0', 'a294db9a-7d21-46b0-8c09-3721404f00af');
INSERT INTO public."MediaPlatformIds" ("Id", "MediaId", "PlatformId") VALUES (76, '9c814fc1-a047-48ab-8758-8cac1a63ec4e', 'a294db9a-7d21-46b0-8c09-3721404f00af');
INSERT INTO public."MediaPlatformIds" ("Id", "MediaId", "PlatformId") VALUES (77, 'c97f087a-059a-486a-8e2c-3d1db52c612f', '21680ab0-6640-4a69-b4c0-c6cc7976431c');
INSERT INTO public."MediaPlatformIds" ("Id", "MediaId", "PlatformId") VALUES (78, 'c97f087a-059a-486a-8e2c-3d1db52c612f', 'a294db9a-7d21-46b0-8c09-3721404f00af');
--persons
INSERT INTO public."Persons" ("Id", "Information_FirstName", "Information_LastName", "Information_Age", "LifeHistory_BirthPlace", "LifeHistory_BirthDate", "LifeHistory_DeathPlace", "LifeHistory_DeathDate", "LifeHistory_CareerStart", "LifeHistory_CareerEnd", "Biography", "FunFacts", "CreatedAt", "UpdatedAt", "PictureId") VALUES ('7ce96eec-1c72-4798-8140-10588db7918b', 'Ania', 'Z-niebieskiego-stawu', 3, 'Staw rybny', '2023-10-23 21:17:25.614000 +00:00', null, null, '2023-10-23 21:18:09.964000 +00:00', null, null, 'fdsfsdfs', '2023-10-23 21:18:54.885000 +00:00', null, null);
INSERT INTO public."Persons" ("Id", "Information_FirstName", "Information_LastName", "Information_Age", "LifeHistory_BirthPlace", "LifeHistory_BirthDate", "LifeHistory_DeathPlace", "LifeHistory_DeathDate", "LifeHistory_CareerStart", "LifeHistory_CareerEnd", "Biography", "FunFacts", "CreatedAt", "UpdatedAt", "PictureId") VALUES ('6b4c6668-eb64-4efc-9e1f-ab04079f5300', 'Bartek', 'Kot', 123, 'Bielsko-Biaa', '2023-10-23 21:17:23.828000 +00:00', null, null, null, null, 'fdsfdsfds', null, '2023-10-23 21:18:52.957000 +00:00', null, null);
INSERT INTO public."Persons" ("Id", "Information_FirstName", "Information_LastName", "Information_Age", "LifeHistory_BirthPlace", "LifeHistory_BirthDate", "LifeHistory_DeathPlace", "LifeHistory_DeathDate", "LifeHistory_CareerStart", "LifeHistory_CareerEnd", "Biography", "FunFacts", "CreatedAt", "UpdatedAt", "PictureId") VALUES ('e42dada9-f5e6-4b09-8741-ffcae16a335a', 'Tony', 'Start', 40, 'Gdzies', '2023-10-23 00:18:35.506000 +00:00', null, null, null, '2019-10-20 00:19:34.612000 +00:00', 'aaaaaaaaaaaaaaaaaaaaaaaaaaaaaaaaaaaaaaaaaaaaaa aaaaaaaaaaaa aaaaaaaaaaaaa aaaaaaaaaaaa aaaaaaaaaaaaa aaaaaaaaa', 'jakis ma', '2023-10-20 00:19:30.060000 +00:00', null, '8cb6533e-a5d3-4831-a6c4-63f6acced738');
INSERT INTO public."Persons" ("Id", "Information_FirstName", "Information_LastName", "Information_Age", "LifeHistory_BirthPlace", "LifeHistory_BirthDate", "LifeHistory_DeathPlace", "LifeHistory_DeathDate", "LifeHistory_CareerStart", "LifeHistory_CareerEnd", "Biography", "FunFacts", "CreatedAt", "UpdatedAt", "PictureId") VALUES ('f0164b2c-2680-42df-91a2-dbdaea122443', 'Mati', 'Kot', 23, 'Owicim', '1998-10-23 21:17:13.387000 +00:00', null, null, '2006-10-23 21:18:07.619000 +00:00', null, 'dsfdsafdsf', null, '2023-10-23 21:18:51.860000 +00:00', null, '8cb6533e-a5d3-4831-a6c4-63f6acced738');
INSERT INTO public."Persons" ("Id", "Information_FirstName", "Information_LastName", "Information_Age", "LifeHistory_BirthPlace", "LifeHistory_BirthDate", "LifeHistory_DeathPlace", "LifeHistory_DeathDate", "LifeHistory_CareerStart", "LifeHistory_CareerEnd", "Biography", "FunFacts", "CreatedAt", "UpdatedAt", "PictureId") VALUES ('c19cb04a-2973-48b5-abf3-c1f84f54ee2e', 'Andrzej', 'Andrzeju', 35, 'Most', '2016-10-23 21:17:20.823000 +00:00', 'Pod Mostem', '2016-10-24 21:17:53.710000 +00:00', '2016-10-23 21:18:16.005000 +00:00', '2016-10-24 21:18:20.049000 +00:00', 'vcfds fsdfsd fsdfsd fdsfdsfds fdsfdsf fdsfds', null, '2023-10-23 21:18:53.732000 +00:00', null, '8cb6533e-a5d3-4831-a6c4-63f6acced738');
INSERT INTO public."Persons" ("Id", "Information_FirstName", "Information_LastName", "Information_Age", "LifeHistory_BirthPlace", "LifeHistory_BirthDate", "LifeHistory_DeathPlace", "LifeHistory_DeathDate", "LifeHistory_CareerStart", "LifeHistory_CareerEnd", "Biography", "FunFacts", "CreatedAt", "UpdatedAt", "PictureId") VALUES ('0eef8584-14e3-4307-9b72-b34035254f27', 'Ola', 'Smith', 30, 'Mexico', '1993-10-23 21:17:29.205000 +00:00', 'New York', '2023-11-06 23:00:18.486000 +00:00', '2013-11-06 23:00:22.871000 +00:00', '2023-11-06 23:00:29.916000 +00:00', 'Her mother, Sarie Kessler, is a physiotherapist, and her father, is Doug Robbie. She comes from a family of four children, having two brothers and one sister. She graduated from Somerset College in Mudgeeraba, Queensland, Australia, a suburb in the Gold Coast hinterland of South East Queensland', 'She likes to send friends and family letters and postcards from around the world because she thinks people don''t get enough mail that isn''t a bill.', '2023-10-23 21:18:55.446000 +00:00', null, '8cb6533e-a5d3-4831-a6c4-63f6acced738');
INSERT INTO public."Persons" ("Id", "Information_FirstName", "Information_LastName", "Information_Age", "LifeHistory_BirthPlace", "LifeHistory_BirthDate", "LifeHistory_DeathPlace", "LifeHistory_DeathDate", "LifeHistory_CareerStart", "LifeHistory_CareerEnd", "Biography", "FunFacts", "CreatedAt", "UpdatedAt", "PictureId") VALUES ('296f411c-2bdb-4432-a574-e6530d0494bc', 'Will', 'Juz-nie-aktor', 61, 'New York', null, null, null, '2023-10-23 21:18:10.932000 +00:00', null, 'fddddddddddddddddsdfd sfdsfdsfsdf', 'fsdafdasf', '2023-10-23 21:18:56.019000 +00:00', null, null);
--personContentIds
INSERT INTO public."PersonContentIds" ("Id", "PersonId", "ContentId") VALUES (1, '0eef8584-14e3-4307-9b72-b34035254f27', 'b716de00-984f-4881-b59c-e551935a241e');
INSERT INTO public."PersonContentIds" ("Id", "PersonId", "ContentId") VALUES (2, '0eef8584-14e3-4307-9b72-b34035254f27', 'b716de00-984f-4881-b59c-e551935a241e');
INSERT INTO public."PersonContentIds" ("Id", "PersonId", "ContentId") VALUES (3, '0eef8584-14e3-4307-9b72-b34035254f27', 'c20453f8-c34f-4808-9de3-21cc7b7f7ff7');
INSERT INTO public."PersonContentIds" ("Id", "PersonId", "ContentId") VALUES (5, '0eef8584-14e3-4307-9b72-b34035254f27', 'b716de00-984f-4881-b59c-e551935a241e');
INSERT INTO public."PersonContentIds" ("Id", "PersonId", "ContentId") VALUES (4, '0eef8584-14e3-4307-9b72-b34035254f27', 'dc02c961-1921-448e-8bf9-9572e19c3df4');
INSERT INTO public."PersonContentIds" ("Id", "PersonId", "ContentId") VALUES (6, '0eef8584-14e3-4307-9b72-b34035254f27', 'b716de00-984f-4881-b59c-e551935a241e');
INSERT INTO public."PersonContentIds" ("Id", "PersonId", "ContentId") VALUES (7, '0eef8584-14e3-4307-9b72-b34035254f27', 'dc02c961-1921-448e-8bf9-9572e19c3df4');
INSERT INTO public."PersonContentIds" ("Id", "PersonId", "ContentId") VALUES (8, '0eef8584-14e3-4307-9b72-b34035254f27', 'c20453f8-c34f-4808-9de3-21cc7b7f7ff7');
INSERT INTO public."PersonContentIds" ("Id", "PersonId", "ContentId") VALUES (9, '0eef8584-14e3-4307-9b72-b34035254f27', 'b716de00-984f-4881-b59c-e551935a241e');
INSERT INTO public."PersonContentIds" ("Id", "PersonId", "ContentId") VALUES (10, '0eef8584-14e3-4307-9b72-b34035254f27', 'dc02c961-1921-448e-8bf9-9572e19c3df4');
--personMediaIds
INSERT INTO public."PersonMediaIds" ("Id", "PersonId", "MediaId") VALUES (1, '0eef8584-14e3-4307-9b72-b34035254f27', '8411a4b6-6416-4a16-a169-ea801bd3ede3');
INSERT INTO public."PersonMediaIds" ("Id", "PersonId", "MediaId") VALUES (2, '0eef8584-14e3-4307-9b72-b34035254f27', 'c8488872-4b87-489b-a8f4-4c7e9e41d5a9');
INSERT INTO public."PersonMediaIds" ("Id", "PersonId", "MediaId") VALUES (3, '0eef8584-14e3-4307-9b72-b34035254f27', 'c97f087a-059a-486a-8e2c-3d1db52c612f');
INSERT INTO public."PersonMediaIds" ("Id", "PersonId", "MediaId") VALUES (4, '0eef8584-14e3-4307-9b72-b34035254f27', 'f557684a-4755-11ee-be56-0242ac120002');
INSERT INTO public."PersonMediaIds" ("Id", "PersonId", "MediaId") VALUES (5, '0eef8584-14e3-4307-9b72-b34035254f27', '6ec849e6-a1bc-4234-997d-b90af92c4b08');
INSERT INTO public."PersonMediaIds" ("Id", "PersonId", "MediaId") VALUES (6, '0eef8584-14e3-4307-9b72-b34035254f27', 'c99ec4e9-4307-40ae-815d-d18a5c43baaf');
--platforms
INSERT INTO public."Platforms" ("Id", "Name", "Price", "CreatedAt", "UpdatedAt") VALUES ('21680ab0-6640-4a69-b4c0-c6cc7976431c', 'HBO', 10.00, '2023-09-16 19:01:04.251187 +00:00', null);
INSERT INTO public."Platforms" ("Id", "Name", "Price", "CreatedAt", "UpdatedAt") VALUES ('5ab8ff73-3866-4fff-b74a-4a17a858bec9', 'Amazon Prime', 12.00, '2023-09-16 19:01:04.251170 +00:00', null);
INSERT INTO public."Platforms" ("Id", "Name", "Price", "CreatedAt", "UpdatedAt") VALUES ('8d789796-2980-422b-b69b-c27a732c23b1', 'Netflix', 11.99, '2023-09-16 19:01:04.251187 +00:00', null);
INSERT INTO public."Platforms" ("Id", "Name", "Price", "CreatedAt", "UpdatedAt") VALUES ('cfe0504b-1877-49c9-9167-f9d5782bbf02', 'Disney+', 9.00, '2023-09-16 19:01:04.250980 +00:00', null);
INSERT INTO public."Platforms" ("Id", "Name", "Price", "CreatedAt", "UpdatedAt") VALUES ('a294db9a-7d21-46b0-8c09-3721404f00af', 'Theaters', 5.51, '2023-09-29 23:02:25.547000 +00:00', null);
--platformMediaIds
INSERT INTO public."PlatformMediaIds" ("Id", "PlatformId", "MediaId") VALUES (2, 'cfe0504b-1877-49c9-9167-f9d5782bbf02', 'c97f087a-059a-486a-8e2c-3d1db52c612f');
INSERT INTO public."PlatformMediaIds" ("Id", "PlatformId", "MediaId") VALUES (4, '21680ab0-6640-4a69-b4c0-c6cc7976431c', 'c97f087a-059a-486a-8e2c-3d1db52c612f');
INSERT INTO public."PlatformMediaIds" ("Id", "PlatformId", "MediaId") VALUES (5, 'a294db9a-7d21-46b0-8c09-3721404f00af', 'c97f087a-059a-486a-8e2c-3d1db52c612f');
INSERT INTO public."PlatformMediaIds" ("Id", "PlatformId", "MediaId") VALUES (3, '8d789796-2980-422b-b69b-c27a732c23b1', '8d789796-2980-422b-b69b-c27a732c23b1');
--statistics
INSERT INTO public."Statistics" ("Id", "MediaId", "BoxOffice_Budget", "BoxOffice_Revenue", "BoxOffice_GrossUs", "BoxOffice_GrossWorldwide", "BoxOffice_OpeningWeekendUs", "BoxOffice_OpeningWeekendWorldwide", "BoxOffice_Theaters") VALUES (1, '0efb96b1-9db9-4890-bb8b-8dcdd713fd60', 0, 0, 0, 0, 0, 0, 0);
INSERT INTO public."Statistics" ("Id", "MediaId", "BoxOffice_Budget", "BoxOffice_Revenue", "BoxOffice_GrossUs", "BoxOffice_GrossWorldwide", "BoxOffice_OpeningWeekendUs", "BoxOffice_OpeningWeekendWorldwide", "BoxOffice_Theaters") VALUES (2, '0efb96b1-9db9-4890-bb8b-8dcdd713fd69', 0, 0, 0, 0, 0, 0, 0);
INSERT INTO public."Statistics" ("Id", "MediaId", "BoxOffice_Budget", "BoxOffice_Revenue", "BoxOffice_GrossUs", "BoxOffice_GrossWorldwide", "BoxOffice_OpeningWeekendUs", "BoxOffice_OpeningWeekendWorldwide", "BoxOffice_Theaters") VALUES (3, '0e06c2d8-bc3c-4097-bf5b-1ad3385a77f3', 0, 0, 0, 0, 0, 0, 0);
INSERT INTO public."Statistics" ("Id", "MediaId", "BoxOffice_Budget", "BoxOffice_Revenue", "BoxOffice_GrossUs", "BoxOffice_GrossWorldwide", "BoxOffice_OpeningWeekendUs", "BoxOffice_OpeningWeekendWorldwide", "BoxOffice_Theaters") VALUES (4, 'ca703719-a033-49f9-a918-4a6d5a207487', 0, 0, 0, 0, 0, 0, 0);
INSERT INTO public."Statistics" ("Id", "MediaId", "BoxOffice_Budget", "BoxOffice_Revenue", "BoxOffice_GrossUs", "BoxOffice_GrossWorldwide", "BoxOffice_OpeningWeekendUs", "BoxOffice_OpeningWeekendWorldwide", "BoxOffice_Theaters") VALUES (5, 'c99ec4e9-4307-40ae-815d-d18a5c43baaf', 0, 0, 0, 0, 0, 0, 0);
INSERT INTO public."Statistics" ("Id", "MediaId", "BoxOffice_Budget", "BoxOffice_Revenue", "BoxOffice_GrossUs", "BoxOffice_GrossWorldwide", "BoxOffice_OpeningWeekendUs", "BoxOffice_OpeningWeekendWorldwide", "BoxOffice_Theaters") VALUES (6, 'fe55a74e-b2fb-4bba-98f2-175c5132af60', 0, 0, 0, 0, 0, 0, 0);
INSERT INTO public."Statistics" ("Id", "MediaId", "BoxOffice_Budget", "BoxOffice_Revenue", "BoxOffice_GrossUs", "BoxOffice_GrossWorldwide", "BoxOffice_OpeningWeekendUs", "BoxOffice_OpeningWeekendWorldwide", "BoxOffice_Theaters") VALUES (7, '0a3bf8ef-d29d-4121-8d22-e6471ce619f0', 0, 0, 0, 0, 0, 0, 0);
INSERT INTO public."Statistics" ("Id", "MediaId", "BoxOffice_Budget", "BoxOffice_Revenue", "BoxOffice_GrossUs", "BoxOffice_GrossWorldwide", "BoxOffice_OpeningWeekendUs", "BoxOffice_OpeningWeekendWorldwide", "BoxOffice_Theaters") VALUES (8, 'edfb9107-5e13-4a6c-a142-5d8eac0aa29d', 0, 0, 0, 0, 0, 0, 0);
INSERT INTO public."Statistics" ("Id", "MediaId", "BoxOffice_Budget", "BoxOffice_Revenue", "BoxOffice_GrossUs", "BoxOffice_GrossWorldwide", "BoxOffice_OpeningWeekendUs", "BoxOffice_OpeningWeekendWorldwide", "BoxOffice_Theaters") VALUES (9, '5ad0f1ce-ca68-4858-8631-e2aaa939cbb7', 0, 0, 0, 0, 0, 0, 0);
INSERT INTO public."Statistics" ("Id", "MediaId", "BoxOffice_Budget", "BoxOffice_Revenue", "BoxOffice_GrossUs", "BoxOffice_GrossWorldwide", "BoxOffice_OpeningWeekendUs", "BoxOffice_OpeningWeekendWorldwide", "BoxOffice_Theaters") VALUES (10, '4e8b1bf0-64eb-4505-a87a-3d138737b273', 0, 0, 0, 0, 0, 0, 0);
INSERT INTO public."Statistics" ("Id", "MediaId", "BoxOffice_Budget", "BoxOffice_Revenue", "BoxOffice_GrossUs", "BoxOffice_GrossWorldwide", "BoxOffice_OpeningWeekendUs", "BoxOffice_OpeningWeekendWorldwide", "BoxOffice_Theaters") VALUES (12, 'c8488872-4b87-489b-a8f4-4c7e9e41d5a9', 0, 0, 0, 0, 0, 0, 0);
INSERT INTO public."Statistics" ("Id", "MediaId", "BoxOffice_Budget", "BoxOffice_Revenue", "BoxOffice_GrossUs", "BoxOffice_GrossWorldwide", "BoxOffice_OpeningWeekendUs", "BoxOffice_OpeningWeekendWorldwide", "BoxOffice_Theaters") VALUES (13, '3d8be772-522f-4e73-9997-94bd1f8383ef', 0, 0, 0, 0, 0, 0, 0);
INSERT INTO public."Statistics" ("Id", "MediaId", "BoxOffice_Budget", "BoxOffice_Revenue", "BoxOffice_GrossUs", "BoxOffice_GrossWorldwide", "BoxOffice_OpeningWeekendUs", "BoxOffice_OpeningWeekendWorldwide", "BoxOffice_Theaters") VALUES (14, 'f557684a-4755-11ee-be56-0242ac120002', 0, 0, 0, 0, 0, 0, 0);
INSERT INTO public."Statistics" ("Id", "MediaId", "BoxOffice_Budget", "BoxOffice_Revenue", "BoxOffice_GrossUs", "BoxOffice_GrossWorldwide", "BoxOffice_OpeningWeekendUs", "BoxOffice_OpeningWeekendWorldwide", "BoxOffice_Theaters") VALUES (15, '5daedcde-5255-11ee-be56-0242ac120009', 0, 0, 0, 0, 0, 0, 0);
INSERT INTO public."Statistics" ("Id", "MediaId", "BoxOffice_Budget", "BoxOffice_Revenue", "BoxOffice_GrossUs", "BoxOffice_GrossWorldwide", "BoxOffice_OpeningWeekendUs", "BoxOffice_OpeningWeekendWorldwide", "BoxOffice_Theaters") VALUES (16, '0fa72317-19f0-440a-be88-4993bc59923d', 0, 0, 0, 0, 0, 0, 0);
INSERT INTO public."Statistics" ("Id", "MediaId", "BoxOffice_Budget", "BoxOffice_Revenue", "BoxOffice_GrossUs", "BoxOffice_GrossWorldwide", "BoxOffice_OpeningWeekendUs", "BoxOffice_OpeningWeekendWorldwide", "BoxOffice_Theaters") VALUES (17, 'f6e96d28-9a55-4979-9afd-dcd369022ecb', 0, 0, 0, 0, 0, 0, 0);
INSERT INTO public."Statistics" ("Id", "MediaId", "BoxOffice_Budget", "BoxOffice_Revenue", "BoxOffice_GrossUs", "BoxOffice_GrossWorldwide", "BoxOffice_OpeningWeekendUs", "BoxOffice_OpeningWeekendWorldwide", "BoxOffice_Theaters") VALUES (18, 'aef11aae-0a04-4b14-910f-b43bf1095f5b', 0, 0, 0, 0, 0, 0, 0);
INSERT INTO public."Statistics" ("Id", "MediaId", "BoxOffice_Budget", "BoxOffice_Revenue", "BoxOffice_GrossUs", "BoxOffice_GrossWorldwide", "BoxOffice_OpeningWeekendUs", "BoxOffice_OpeningWeekendWorldwide", "BoxOffice_Theaters") VALUES (19, '9a87e448-9062-48bb-855b-7e7f28eab8a0', 0, 0, 0, 0, 0, 0, 0);
INSERT INTO public."Statistics" ("Id", "MediaId", "BoxOffice_Budget", "BoxOffice_Revenue", "BoxOffice_GrossUs", "BoxOffice_GrossWorldwide", "BoxOffice_OpeningWeekendUs", "BoxOffice_OpeningWeekendWorldwide", "BoxOffice_Theaters") VALUES (20, '86a294b4-c90b-46c5-b161-29d6acf7d4a1', 0, 0, 0, 0, 0, 0, 0);
INSERT INTO public."Statistics" ("Id", "MediaId", "BoxOffice_Budget", "BoxOffice_Revenue", "BoxOffice_GrossUs", "BoxOffice_GrossWorldwide", "BoxOffice_OpeningWeekendUs", "BoxOffice_OpeningWeekendWorldwide", "BoxOffice_Theaters") VALUES (21, 'f1a210ae-a45f-4e60-8ca5-a38d48b76395', 0, 0, 0, 0, 0, 0, 0);
INSERT INTO public."Statistics" ("Id", "MediaId", "BoxOffice_Budget", "BoxOffice_Revenue", "BoxOffice_GrossUs", "BoxOffice_GrossWorldwide", "BoxOffice_OpeningWeekendUs", "BoxOffice_OpeningWeekendWorldwide", "BoxOffice_Theaters") VALUES (22, 'b2903bc8-5a33-46ab-8061-935b040e20b4', 0, 0, 0, 0, 0, 0, 0);
INSERT INTO public."Statistics" ("Id", "MediaId", "BoxOffice_Budget", "BoxOffice_Revenue", "BoxOffice_GrossUs", "BoxOffice_GrossWorldwide", "BoxOffice_OpeningWeekendUs", "BoxOffice_OpeningWeekendWorldwide", "BoxOffice_Theaters") VALUES (23, 'adae397d-7184-4c50-9881-936834257712', 0, 0, 0, 0, 0, 0, 0);
INSERT INTO public."Statistics" ("Id", "MediaId", "BoxOffice_Budget", "BoxOffice_Revenue", "BoxOffice_GrossUs", "BoxOffice_GrossWorldwide", "BoxOffice_OpeningWeekendUs", "BoxOffice_OpeningWeekendWorldwide", "BoxOffice_Theaters") VALUES (24, 'bbe620f4-13b1-4e1b-993e-bd1fff7e1344', 0, 0, 0, 0, 0, 0, 0);
INSERT INTO public."Statistics" ("Id", "MediaId", "BoxOffice_Budget", "BoxOffice_Revenue", "BoxOffice_GrossUs", "BoxOffice_GrossWorldwide", "BoxOffice_OpeningWeekendUs", "BoxOffice_OpeningWeekendWorldwide", "BoxOffice_Theaters") VALUES (25, '9c814fc1-a047-48ab-8758-8cac1a63ec4e', 0, 0, 0, 0, 0, 0, 0);
INSERT INTO public."Statistics" ("Id", "MediaId", "BoxOffice_Budget", "BoxOffice_Revenue", "BoxOffice_GrossUs", "BoxOffice_GrossWorldwide", "BoxOffice_OpeningWeekendUs", "BoxOffice_OpeningWeekendWorldwide", "BoxOffice_Theaters") VALUES (26, '2dae5997-59f4-4525-a054-5fc92efeb8b0', 0, 0, 0, 0, 0, 0, 0);
INSERT INTO public."Statistics" ("Id", "MediaId", "BoxOffice_Budget", "BoxOffice_Revenue", "BoxOffice_GrossUs", "BoxOffice_GrossWorldwide", "BoxOffice_OpeningWeekendUs", "BoxOffice_OpeningWeekendWorldwide", "BoxOffice_Theaters") VALUES (27, '5b451f11-54aa-43df-b9a7-9bcc4e341a41', 0, 0, 0, 0, 0, 0, 0);
INSERT INTO public."Statistics" ("Id", "MediaId", "BoxOffice_Budget", "BoxOffice_Revenue", "BoxOffice_GrossUs", "BoxOffice_GrossWorldwide", "BoxOffice_OpeningWeekendUs", "BoxOffice_OpeningWeekendWorldwide", "BoxOffice_Theaters") VALUES (28, '72c5b9a6-f054-4a3f-86f2-abc9337b8d99', 0, 0, 0, 0, 0, 0, 0);
INSERT INTO public."Statistics" ("Id", "MediaId", "BoxOffice_Budget", "BoxOffice_Revenue", "BoxOffice_GrossUs", "BoxOffice_GrossWorldwide", "BoxOffice_OpeningWeekendUs", "BoxOffice_OpeningWeekendWorldwide", "BoxOffice_Theaters") VALUES (29, '3f11662f-4346-4802-bc64-066c544e4c05', 0, 0, 0, 0, 0, 0, 0);
INSERT INTO public."Statistics" ("Id", "MediaId", "BoxOffice_Budget", "BoxOffice_Revenue", "BoxOffice_GrossUs", "BoxOffice_GrossWorldwide", "BoxOffice_OpeningWeekendUs", "BoxOffice_OpeningWeekendWorldwide", "BoxOffice_Theaters") VALUES (30, 'bbc81d3d-7c9a-42bf-9de0-8e2d500947a3', 0, 0, 0, 0, 0, 0, 0);
INSERT INTO public."Statistics" ("Id", "MediaId", "BoxOffice_Budget", "BoxOffice_Revenue", "BoxOffice_GrossUs", "BoxOffice_GrossWorldwide", "BoxOffice_OpeningWeekendUs", "BoxOffice_OpeningWeekendWorldwide", "BoxOffice_Theaters") VALUES (31, 'b5939765-861d-4637-8370-d4e5afc51dd8', 0, 0, 0, 0, 0, 0, 0);
INSERT INTO public."Statistics" ("Id", "MediaId", "BoxOffice_Budget", "BoxOffice_Revenue", "BoxOffice_GrossUs", "BoxOffice_GrossWorldwide", "BoxOffice_OpeningWeekendUs", "BoxOffice_OpeningWeekendWorldwide", "BoxOffice_Theaters") VALUES (32, '74fef43b-e72c-4ffc-9cf9-ffb999803b55', 0, 0, 0, 0, 0, 0, 0);
INSERT INTO public."Statistics" ("Id", "MediaId", "BoxOffice_Budget", "BoxOffice_Revenue", "BoxOffice_GrossUs", "BoxOffice_GrossWorldwide", "BoxOffice_OpeningWeekendUs", "BoxOffice_OpeningWeekendWorldwide", "BoxOffice_Theaters") VALUES (33, '982fe8b8-d392-4f7e-8a55-8fc19ea1448d', 0, 0, 0, 0, 0, 0, 0);
INSERT INTO public."Statistics" ("Id", "MediaId", "BoxOffice_Budget", "BoxOffice_Revenue", "BoxOffice_GrossUs", "BoxOffice_GrossWorldwide", "BoxOffice_OpeningWeekendUs", "BoxOffice_OpeningWeekendWorldwide", "BoxOffice_Theaters") VALUES (34, 'dd952014-d657-4e29-8bbc-5a12b94aafc3', 0, 0, 0, 0, 0, 0, 0);
INSERT INTO public."Statistics" ("Id", "MediaId", "BoxOffice_Budget", "BoxOffice_Revenue", "BoxOffice_GrossUs", "BoxOffice_GrossWorldwide", "BoxOffice_OpeningWeekendUs", "BoxOffice_OpeningWeekendWorldwide", "BoxOffice_Theaters") VALUES (35, '725cc8ab-eb3d-4780-b9b4-3e6ae1953393', 0, 0, 0, 0, 0, 0, 0);
INSERT INTO public."Statistics" ("Id", "MediaId", "BoxOffice_Budget", "BoxOffice_Revenue", "BoxOffice_GrossUs", "BoxOffice_GrossWorldwide", "BoxOffice_OpeningWeekendUs", "BoxOffice_OpeningWeekendWorldwide", "BoxOffice_Theaters") VALUES (36, '67cb87e2-16e1-4908-8247-d351f0249e75', 0, 0, 0, 0, 0, 0, 0);
INSERT INTO public."Statistics" ("Id", "MediaId", "BoxOffice_Budget", "BoxOffice_Revenue", "BoxOffice_GrossUs", "BoxOffice_GrossWorldwide", "BoxOffice_OpeningWeekendUs", "BoxOffice_OpeningWeekendWorldwide", "BoxOffice_Theaters") VALUES (37, '6d662323-630f-409a-919b-8bbff74758c5', 0, 0, 0, 0, 0, 0, 0);
INSERT INTO public."Statistics" ("Id", "MediaId", "BoxOffice_Budget", "BoxOffice_Revenue", "BoxOffice_GrossUs", "BoxOffice_GrossWorldwide", "BoxOffice_OpeningWeekendUs", "BoxOffice_OpeningWeekendWorldwide", "BoxOffice_Theaters") VALUES (38, '396a131b-56d3-4106-a92e-ec15bd7a0cc9', 0, 0, 0, 0, 0, 0, 0);
INSERT INTO public."Statistics" ("Id", "MediaId", "BoxOffice_Budget", "BoxOffice_Revenue", "BoxOffice_GrossUs", "BoxOffice_GrossWorldwide", "BoxOffice_OpeningWeekendUs", "BoxOffice_OpeningWeekendWorldwide", "BoxOffice_Theaters") VALUES (39, '27350afa-e9b6-42b9-8f5d-c3a7d5e6ee6d', 0, 0, 0, 0, 0, 0, 0);
INSERT INTO public."Statistics" ("Id", "MediaId", "BoxOffice_Budget", "BoxOffice_Revenue", "BoxOffice_GrossUs", "BoxOffice_GrossWorldwide", "BoxOffice_OpeningWeekendUs", "BoxOffice_OpeningWeekendWorldwide", "BoxOffice_Theaters") VALUES (40, '041fa143-11e9-491b-8569-874d79383764', 0, 0, 0, 0, 0, 0, 0);
INSERT INTO public."Statistics" ("Id", "MediaId", "BoxOffice_Budget", "BoxOffice_Revenue", "BoxOffice_GrossUs", "BoxOffice_GrossWorldwide", "BoxOffice_OpeningWeekendUs", "BoxOffice_OpeningWeekendWorldwide", "BoxOffice_Theaters") VALUES (41, 'b64d34d0-1f2c-4226-a718-fc46f62314ff', 0, 0, 0, 0, 0, 0, 0);
INSERT INTO public."Statistics" ("Id", "MediaId", "BoxOffice_Budget", "BoxOffice_Revenue", "BoxOffice_GrossUs", "BoxOffice_GrossWorldwide", "BoxOffice_OpeningWeekendUs", "BoxOffice_OpeningWeekendWorldwide", "BoxOffice_Theaters") VALUES (42, '8411a4b6-6416-4a16-a169-ea801bd3ede3', 0, 0, 0, 0, 0, 0, 0);
INSERT INTO public."Statistics" ("Id", "MediaId", "BoxOffice_Budget", "BoxOffice_Revenue", "BoxOffice_GrossUs", "BoxOffice_GrossWorldwide", "BoxOffice_OpeningWeekendUs", "BoxOffice_OpeningWeekendWorldwide", "BoxOffice_Theaters") VALUES (43, '28faed2b-090f-4fe0-8556-40af35eef3c5', 0, 0, 0, 0, 0, 0, 0);
INSERT INTO public."Statistics" ("Id", "MediaId", "BoxOffice_Budget", "BoxOffice_Revenue", "BoxOffice_GrossUs", "BoxOffice_GrossWorldwide", "BoxOffice_OpeningWeekendUs", "BoxOffice_OpeningWeekendWorldwide", "BoxOffice_Theaters") VALUES (44, '39d1c13d-e2f6-4497-9c72-4f7197dd0b5d', 0, 0, 0, 0, 0, 0, 0);
INSERT INTO public."Statistics" ("Id", "MediaId", "BoxOffice_Budget", "BoxOffice_Revenue", "BoxOffice_GrossUs", "BoxOffice_GrossWorldwide", "BoxOffice_OpeningWeekendUs", "BoxOffice_OpeningWeekendWorldwide", "BoxOffice_Theaters") VALUES (45, '1153d480-8dfd-4250-b529-34c909d0c240', 0, 0, 0, 0, 0, 0, 0);
INSERT INTO public."Statistics" ("Id", "MediaId", "BoxOffice_Budget", "BoxOffice_Revenue", "BoxOffice_GrossUs", "BoxOffice_GrossWorldwide", "BoxOffice_OpeningWeekendUs", "BoxOffice_OpeningWeekendWorldwide", "BoxOffice_Theaters") VALUES (46, 'c6217d38-6c2c-48f9-b8a2-54d5a9c4a6dc', 0, 0, 0, 0, 0, 0, 0);
INSERT INTO public."Statistics" ("Id", "MediaId", "BoxOffice_Budget", "BoxOffice_Revenue", "BoxOffice_GrossUs", "BoxOffice_GrossWorldwide", "BoxOffice_OpeningWeekendUs", "BoxOffice_OpeningWeekendWorldwide", "BoxOffice_Theaters") VALUES (47, '2b24cdb9-e48f-4488-a5cc-e09f26a223ac', 0, 0, 0, 0, 0, 0, 0);
INSERT INTO public."Statistics" ("Id", "MediaId", "BoxOffice_Budget", "BoxOffice_Revenue", "BoxOffice_GrossUs", "BoxOffice_GrossWorldwide", "BoxOffice_OpeningWeekendUs", "BoxOffice_OpeningWeekendWorldwide", "BoxOffice_Theaters") VALUES (48, '49009460-a91d-4dcf-9daf-3e13d9625996', 0, 0, 0, 0, 0, 0, 0);
INSERT INTO public."Statistics" ("Id", "MediaId", "BoxOffice_Budget", "BoxOffice_Revenue", "BoxOffice_GrossUs", "BoxOffice_GrossWorldwide", "BoxOffice_OpeningWeekendUs", "BoxOffice_OpeningWeekendWorldwide", "BoxOffice_Theaters") VALUES (49, 'd3d18c5e-11e7-4e53-ae1a-27caf80fcf2e', 0, 0, 0, 0, 0, 0, 0);
INSERT INTO public."Statistics" ("Id", "MediaId", "BoxOffice_Budget", "BoxOffice_Revenue", "BoxOffice_GrossUs", "BoxOffice_GrossWorldwide", "BoxOffice_OpeningWeekendUs", "BoxOffice_OpeningWeekendWorldwide", "BoxOffice_Theaters") VALUES (50, 'ae3d96af-c693-4f52-84a2-e5521fa5c636', 0, 0, 0, 0, 0, 0, 0);
INSERT INTO public."Statistics" ("Id", "MediaId", "BoxOffice_Budget", "BoxOffice_Revenue", "BoxOffice_GrossUs", "BoxOffice_GrossWorldwide", "BoxOffice_OpeningWeekendUs", "BoxOffice_OpeningWeekendWorldwide", "BoxOffice_Theaters") VALUES (51, '3c4dfe1d-8f7d-4aa6-a2ba-a8a8b6169cee', 0, 0, 0, 0, 0, 0, 0);
INSERT INTO public."Statistics" ("Id", "MediaId", "BoxOffice_Budget", "BoxOffice_Revenue", "BoxOffice_GrossUs", "BoxOffice_GrossWorldwide", "BoxOffice_OpeningWeekendUs", "BoxOffice_OpeningWeekendWorldwide", "BoxOffice_Theaters") VALUES (52, '1bb77c25-1401-435a-a4bf-9a874f4ac1b8', 0, 0, 0, 0, 0, 0, 0);
INSERT INTO public."Statistics" ("Id", "MediaId", "BoxOffice_Budget", "BoxOffice_Revenue", "BoxOffice_GrossUs", "BoxOffice_GrossWorldwide", "BoxOffice_OpeningWeekendUs", "BoxOffice_OpeningWeekendWorldwide", "BoxOffice_Theaters") VALUES (53, '9978e1dd-895c-4fe5-8f33-f121ac4a063f', 0, 0, 0, 0, 0, 0, 0);
INSERT INTO public."Statistics" ("Id", "MediaId", "BoxOffice_Budget", "BoxOffice_Revenue", "BoxOffice_GrossUs", "BoxOffice_GrossWorldwide", "BoxOffice_OpeningWeekendUs", "BoxOffice_OpeningWeekendWorldwide", "BoxOffice_Theaters") VALUES (54, '6ec849e6-a1bc-4234-997d-b90af92c4b08', 0, 0, 0, 0, 0, 0, 0);
INSERT INTO public."Statistics" ("Id", "MediaId", "BoxOffice_Budget", "BoxOffice_Revenue", "BoxOffice_GrossUs", "BoxOffice_GrossWorldwide", "BoxOffice_OpeningWeekendUs", "BoxOffice_OpeningWeekendWorldwide", "BoxOffice_Theaters") VALUES (55, '094dd24d-9769-406a-b597-733f7450785f', 0, 0, 0, 0, 0, 0, 0);
INSERT INTO public."Statistics" ("Id", "MediaId", "BoxOffice_Budget", "BoxOffice_Revenue", "BoxOffice_GrossUs", "BoxOffice_GrossWorldwide", "BoxOffice_OpeningWeekendUs", "BoxOffice_OpeningWeekendWorldwide", "BoxOffice_Theaters") VALUES (56, '3c6d208c-1472-48a1-aa02-736c8ecd8518', 0, 0, 0, 0, 0, 0, 0);
INSERT INTO public."Statistics" ("Id", "MediaId", "BoxOffice_Budget", "BoxOffice_Revenue", "BoxOffice_GrossUs", "BoxOffice_GrossWorldwide", "BoxOffice_OpeningWeekendUs", "BoxOffice_OpeningWeekendWorldwide", "BoxOffice_Theaters") VALUES (57, 'a23472ff-2166-4b46-a4f8-3c0b1742f0e3', 0, 0, 0, 0, 0, 0, 0);
INSERT INTO public."Statistics" ("Id", "MediaId", "BoxOffice_Budget", "BoxOffice_Revenue", "BoxOffice_GrossUs", "BoxOffice_GrossWorldwide", "BoxOffice_OpeningWeekendUs", "BoxOffice_OpeningWeekendWorldwide", "BoxOffice_Theaters") VALUES (58, '18c6e618-bfa1-4b0c-9e67-54c2340ed5fa', 0, 0, 0, 0, 0, 0, 0);
INSERT INTO public."Statistics" ("Id", "MediaId", "BoxOffice_Budget", "BoxOffice_Revenue", "BoxOffice_GrossUs", "BoxOffice_GrossWorldwide", "BoxOffice_OpeningWeekendUs", "BoxOffice_OpeningWeekendWorldwide", "BoxOffice_Theaters") VALUES (59, '1dc03fd8-71ca-43dc-8bb0-4f30e1e1791a', 0, 0, 0, 0, 0, 0, 0);
INSERT INTO public."Statistics" ("Id", "MediaId", "BoxOffice_Budget", "BoxOffice_Revenue", "BoxOffice_GrossUs", "BoxOffice_GrossWorldwide", "BoxOffice_OpeningWeekendUs", "BoxOffice_OpeningWeekendWorldwide", "BoxOffice_Theaters") VALUES (60, 'e41146a7-4722-4abe-a407-71dde0400e43', 0, 0, 0, 0, 0, 0, 0);
INSERT INTO public."Statistics" ("Id", "MediaId", "BoxOffice_Budget", "BoxOffice_Revenue", "BoxOffice_GrossUs", "BoxOffice_GrossWorldwide", "BoxOffice_OpeningWeekendUs", "BoxOffice_OpeningWeekendWorldwide", "BoxOffice_Theaters") VALUES (61, '63522c73-8f8f-4921-bccb-2fb3dc81e693', 0, 0, 0, 0, 0, 0, 0);
INSERT INTO public."Statistics" ("Id", "MediaId", "BoxOffice_Budget", "BoxOffice_Revenue", "BoxOffice_GrossUs", "BoxOffice_GrossWorldwide", "BoxOffice_OpeningWeekendUs", "BoxOffice_OpeningWeekendWorldwide", "BoxOffice_Theaters") VALUES (62, 'faa3dd58-26fb-440c-998e-eac8d0373973', 0, 0, 0, 0, 0, 0, 0);
INSERT INTO public."Statistics" ("Id", "MediaId", "BoxOffice_Budget", "BoxOffice_Revenue", "BoxOffice_GrossUs", "BoxOffice_GrossWorldwide", "BoxOffice_OpeningWeekendUs", "BoxOffice_OpeningWeekendWorldwide", "BoxOffice_Theaters") VALUES (11, 'c97f087a-059a-486a-8e2c-3d1db52c612f', 250000500, 1230000000, 20213123, 500333000, 21000100, 49000000, 2971);
--popularity
INSERT INTO public."Popularity" ("Id", "StatisticsId", "BasicStatistics_Rating", "BasicStatistics_Votes", "BasicStatistics_ReviewCount", "BasicStatistics_OnWatchlistCount", "Date", "Position", "Change", "Views") VALUES (1, 1, 0, 0, 0, 0, '2023-09-17 11:41:03.923957 +00:00', 0, 0, 0);
INSERT INTO public."Popularity" ("Id", "StatisticsId", "BasicStatistics_Rating", "BasicStatistics_Votes", "BasicStatistics_ReviewCount", "BasicStatistics_OnWatchlistCount", "Date", "Position", "Change", "Views") VALUES (2, 2, 0, 0, 0, 0, '2023-09-17 11:41:04.313262 +00:00', 0, 0, 0);
INSERT INTO public."Popularity" ("Id", "StatisticsId", "BasicStatistics_Rating", "BasicStatistics_Votes", "BasicStatistics_ReviewCount", "BasicStatistics_OnWatchlistCount", "Date", "Position", "Change", "Views") VALUES (3, 3, 0, 0, 0, 0, '2023-09-17 11:41:04.319718 +00:00', 0, 0, 0);
INSERT INTO public."Popularity" ("Id", "StatisticsId", "BasicStatistics_Rating", "BasicStatistics_Votes", "BasicStatistics_ReviewCount", "BasicStatistics_OnWatchlistCount", "Date", "Position", "Change", "Views") VALUES (4, 4, 0, 0, 0, 0, '2023-09-17 11:41:04.323141 +00:00', 0, 0, 0);
INSERT INTO public."Popularity" ("Id", "StatisticsId", "BasicStatistics_Rating", "BasicStatistics_Votes", "BasicStatistics_ReviewCount", "BasicStatistics_OnWatchlistCount", "Date", "Position", "Change", "Views") VALUES (5, 5, 0, 0, 0, 0, '2023-09-17 11:41:04.326051 +00:00', 0, 0, 0);
INSERT INTO public."Popularity" ("Id", "StatisticsId", "BasicStatistics_Rating", "BasicStatistics_Votes", "BasicStatistics_ReviewCount", "BasicStatistics_OnWatchlistCount", "Date", "Position", "Change", "Views") VALUES (6, 6, 0, 0, 0, 0, '2023-09-17 11:41:04.328897 +00:00', 0, 0, 0);
INSERT INTO public."Popularity" ("Id", "StatisticsId", "BasicStatistics_Rating", "BasicStatistics_Votes", "BasicStatistics_ReviewCount", "BasicStatistics_OnWatchlistCount", "Date", "Position", "Change", "Views") VALUES (7, 7, 0, 0, 0, 0, '2023-09-17 11:41:04.331326 +00:00', 0, 0, 0);
INSERT INTO public."Popularity" ("Id", "StatisticsId", "BasicStatistics_Rating", "BasicStatistics_Votes", "BasicStatistics_ReviewCount", "BasicStatistics_OnWatchlistCount", "Date", "Position", "Change", "Views") VALUES (8, 8, 0, 0, 0, 0, '2023-09-17 11:41:04.333419 +00:00', 0, 0, 0);
INSERT INTO public."Popularity" ("Id", "StatisticsId", "BasicStatistics_Rating", "BasicStatistics_Votes", "BasicStatistics_ReviewCount", "BasicStatistics_OnWatchlistCount", "Date", "Position", "Change", "Views") VALUES (9, 9, 0, 0, 0, 0, '2023-09-17 11:41:04.336126 +00:00', 0, 0, 0);
INSERT INTO public."Popularity" ("Id", "StatisticsId", "BasicStatistics_Rating", "BasicStatistics_Votes", "BasicStatistics_ReviewCount", "BasicStatistics_OnWatchlistCount", "Date", "Position", "Change", "Views") VALUES (10, 10, 0, 0, 0, 0, '2023-09-17 11:41:04.339157 +00:00', 0, 0, 0);
INSERT INTO public."Popularity" ("Id", "StatisticsId", "BasicStatistics_Rating", "BasicStatistics_Votes", "BasicStatistics_ReviewCount", "BasicStatistics_OnWatchlistCount", "Date", "Position", "Change", "Views") VALUES (12, 12, 0, 0, 0, 0, '2023-09-17 11:41:04.344743 +00:00', 0, 0, 0);
INSERT INTO public."Popularity" ("Id", "StatisticsId", "BasicStatistics_Rating", "BasicStatistics_Votes", "BasicStatistics_ReviewCount", "BasicStatistics_OnWatchlistCount", "Date", "Position", "Change", "Views") VALUES (13, 13, 0, 0, 0, 0, '2023-09-17 11:41:04.347104 +00:00', 0, 0, 0);
INSERT INTO public."Popularity" ("Id", "StatisticsId", "BasicStatistics_Rating", "BasicStatistics_Votes", "BasicStatistics_ReviewCount", "BasicStatistics_OnWatchlistCount", "Date", "Position", "Change", "Views") VALUES (14, 14, 0, 0, 0, 0, '2023-09-17 11:41:04.350121 +00:00', 0, 0, 0);
INSERT INTO public."Popularity" ("Id", "StatisticsId", "BasicStatistics_Rating", "BasicStatistics_Votes", "BasicStatistics_ReviewCount", "BasicStatistics_OnWatchlistCount", "Date", "Position", "Change", "Views") VALUES (15, 15, 0, 0, 0, 0, '2023-09-17 11:41:04.380768 +00:00', 0, 0, 0);
INSERT INTO public."Popularity" ("Id", "StatisticsId", "BasicStatistics_Rating", "BasicStatistics_Votes", "BasicStatistics_ReviewCount", "BasicStatistics_OnWatchlistCount", "Date", "Position", "Change", "Views") VALUES (16, 16, 0, 0, 0, 0, '2023-09-17 11:41:04.384383 +00:00', 0, 0, 0);
INSERT INTO public."Popularity" ("Id", "StatisticsId", "BasicStatistics_Rating", "BasicStatistics_Votes", "BasicStatistics_ReviewCount", "BasicStatistics_OnWatchlistCount", "Date", "Position", "Change", "Views") VALUES (17, 17, 0, 0, 0, 0, '2023-09-17 11:41:04.388041 +00:00', 0, 0, 0);
INSERT INTO public."Popularity" ("Id", "StatisticsId", "BasicStatistics_Rating", "BasicStatistics_Votes", "BasicStatistics_ReviewCount", "BasicStatistics_OnWatchlistCount", "Date", "Position", "Change", "Views") VALUES (18, 18, 0, 0, 0, 0, '2023-09-17 11:41:04.392371 +00:00', 0, 0, 0);
INSERT INTO public."Popularity" ("Id", "StatisticsId", "BasicStatistics_Rating", "BasicStatistics_Votes", "BasicStatistics_ReviewCount", "BasicStatistics_OnWatchlistCount", "Date", "Position", "Change", "Views") VALUES (19, 19, 0, 0, 0, 0, '2023-09-17 11:41:04.395719 +00:00', 0, 0, 0);
INSERT INTO public."Popularity" ("Id", "StatisticsId", "BasicStatistics_Rating", "BasicStatistics_Votes", "BasicStatistics_ReviewCount", "BasicStatistics_OnWatchlistCount", "Date", "Position", "Change", "Views") VALUES (20, 20, 0, 0, 0, 0, '2023-09-17 11:41:04.398766 +00:00', 0, 0, 0);
INSERT INTO public."Popularity" ("Id", "StatisticsId", "BasicStatistics_Rating", "BasicStatistics_Votes", "BasicStatistics_ReviewCount", "BasicStatistics_OnWatchlistCount", "Date", "Position", "Change", "Views") VALUES (21, 21, 0, 0, 0, 0, '2023-09-17 11:41:04.401766 +00:00', 0, 0, 0);
INSERT INTO public."Popularity" ("Id", "StatisticsId", "BasicStatistics_Rating", "BasicStatistics_Votes", "BasicStatistics_ReviewCount", "BasicStatistics_OnWatchlistCount", "Date", "Position", "Change", "Views") VALUES (22, 22, 0, 0, 0, 0, '2023-09-17 11:41:04.405686 +00:00', 0, 0, 0);
INSERT INTO public."Popularity" ("Id", "StatisticsId", "BasicStatistics_Rating", "BasicStatistics_Votes", "BasicStatistics_ReviewCount", "BasicStatistics_OnWatchlistCount", "Date", "Position", "Change", "Views") VALUES (23, 23, 0, 0, 0, 0, '2023-09-17 11:41:04.408693 +00:00', 0, 0, 0);
INSERT INTO public."Popularity" ("Id", "StatisticsId", "BasicStatistics_Rating", "BasicStatistics_Votes", "BasicStatistics_ReviewCount", "BasicStatistics_OnWatchlistCount", "Date", "Position", "Change", "Views") VALUES (24, 24, 0, 0, 0, 0, '2023-09-17 11:41:04.411959 +00:00', 0, 0, 0);
INSERT INTO public."Popularity" ("Id", "StatisticsId", "BasicStatistics_Rating", "BasicStatistics_Votes", "BasicStatistics_ReviewCount", "BasicStatistics_OnWatchlistCount", "Date", "Position", "Change", "Views") VALUES (25, 25, 0, 0, 0, 0, '2023-09-17 11:41:04.414344 +00:00', 0, 0, 0);
INSERT INTO public."Popularity" ("Id", "StatisticsId", "BasicStatistics_Rating", "BasicStatistics_Votes", "BasicStatistics_ReviewCount", "BasicStatistics_OnWatchlistCount", "Date", "Position", "Change", "Views") VALUES (26, 26, 0, 0, 0, 0, '2023-09-17 11:41:04.416424 +00:00', 0, 0, 0);
INSERT INTO public."Popularity" ("Id", "StatisticsId", "BasicStatistics_Rating", "BasicStatistics_Votes", "BasicStatistics_ReviewCount", "BasicStatistics_OnWatchlistCount", "Date", "Position", "Change", "Views") VALUES (27, 27, 0, 0, 0, 0, '2023-09-17 11:41:04.418653 +00:00', 0, 0, 0);
INSERT INTO public."Popularity" ("Id", "StatisticsId", "BasicStatistics_Rating", "BasicStatistics_Votes", "BasicStatistics_ReviewCount", "BasicStatistics_OnWatchlistCount", "Date", "Position", "Change", "Views") VALUES (28, 28, 0, 0, 0, 0, '2023-09-17 11:41:04.422178 +00:00', 0, 0, 0);
INSERT INTO public."Popularity" ("Id", "StatisticsId", "BasicStatistics_Rating", "BasicStatistics_Votes", "BasicStatistics_ReviewCount", "BasicStatistics_OnWatchlistCount", "Date", "Position", "Change", "Views") VALUES (29, 29, 0, 0, 0, 0, '2023-09-17 11:41:04.425506 +00:00', 0, 0, 0);
INSERT INTO public."Popularity" ("Id", "StatisticsId", "BasicStatistics_Rating", "BasicStatistics_Votes", "BasicStatistics_ReviewCount", "BasicStatistics_OnWatchlistCount", "Date", "Position", "Change", "Views") VALUES (30, 30, 0, 0, 0, 0, '2023-09-17 11:41:04.427633 +00:00', 0, 0, 0);
INSERT INTO public."Popularity" ("Id", "StatisticsId", "BasicStatistics_Rating", "BasicStatistics_Votes", "BasicStatistics_ReviewCount", "BasicStatistics_OnWatchlistCount", "Date", "Position", "Change", "Views") VALUES (31, 31, 0, 0, 0, 0, '2023-09-17 11:41:04.429725 +00:00', 0, 0, 0);
INSERT INTO public."Popularity" ("Id", "StatisticsId", "BasicStatistics_Rating", "BasicStatistics_Votes", "BasicStatistics_ReviewCount", "BasicStatistics_OnWatchlistCount", "Date", "Position", "Change", "Views") VALUES (32, 32, 0, 0, 0, 0, '2023-09-17 11:41:04.431641 +00:00', 0, 0, 0);
INSERT INTO public."Popularity" ("Id", "StatisticsId", "BasicStatistics_Rating", "BasicStatistics_Votes", "BasicStatistics_ReviewCount", "BasicStatistics_OnWatchlistCount", "Date", "Position", "Change", "Views") VALUES (33, 33, 0, 0, 0, 0, '2023-09-17 11:41:04.433508 +00:00', 0, 0, 0);
INSERT INTO public."Popularity" ("Id", "StatisticsId", "BasicStatistics_Rating", "BasicStatistics_Votes", "BasicStatistics_ReviewCount", "BasicStatistics_OnWatchlistCount", "Date", "Position", "Change", "Views") VALUES (34, 34, 0, 0, 0, 0, '2023-09-17 11:41:04.435864 +00:00', 0, 0, 0);
INSERT INTO public."Popularity" ("Id", "StatisticsId", "BasicStatistics_Rating", "BasicStatistics_Votes", "BasicStatistics_ReviewCount", "BasicStatistics_OnWatchlistCount", "Date", "Position", "Change", "Views") VALUES (35, 35, 0, 0, 0, 0, '2023-09-17 11:41:04.441819 +00:00', 0, 0, 0);
INSERT INTO public."Popularity" ("Id", "StatisticsId", "BasicStatistics_Rating", "BasicStatistics_Votes", "BasicStatistics_ReviewCount", "BasicStatistics_OnWatchlistCount", "Date", "Position", "Change", "Views") VALUES (36, 36, 0, 0, 0, 0, '2023-09-17 11:41:04.444494 +00:00', 0, 0, 0);
INSERT INTO public."Popularity" ("Id", "StatisticsId", "BasicStatistics_Rating", "BasicStatistics_Votes", "BasicStatistics_ReviewCount", "BasicStatistics_OnWatchlistCount", "Date", "Position", "Change", "Views") VALUES (37, 37, 0, 0, 0, 0, '2023-09-17 11:41:04.446846 +00:00', 0, 0, 0);
INSERT INTO public."Popularity" ("Id", "StatisticsId", "BasicStatistics_Rating", "BasicStatistics_Votes", "BasicStatistics_ReviewCount", "BasicStatistics_OnWatchlistCount", "Date", "Position", "Change", "Views") VALUES (38, 38, 0, 0, 0, 0, '2023-09-17 11:41:04.448858 +00:00', 0, 0, 0);
INSERT INTO public."Popularity" ("Id", "StatisticsId", "BasicStatistics_Rating", "BasicStatistics_Votes", "BasicStatistics_ReviewCount", "BasicStatistics_OnWatchlistCount", "Date", "Position", "Change", "Views") VALUES (39, 39, 0, 0, 0, 0, '2023-09-17 11:41:04.450810 +00:00', 0, 0, 0);
INSERT INTO public."Popularity" ("Id", "StatisticsId", "BasicStatistics_Rating", "BasicStatistics_Votes", "BasicStatistics_ReviewCount", "BasicStatistics_OnWatchlistCount", "Date", "Position", "Change", "Views") VALUES (40, 40, 0, 0, 0, 0, '2023-09-17 11:41:04.454945 +00:00', 0, 0, 0);
INSERT INTO public."Popularity" ("Id", "StatisticsId", "BasicStatistics_Rating", "BasicStatistics_Votes", "BasicStatistics_ReviewCount", "BasicStatistics_OnWatchlistCount", "Date", "Position", "Change", "Views") VALUES (41, 41, 0, 0, 0, 0, '2023-09-17 11:41:04.457527 +00:00', 0, 0, 0);
INSERT INTO public."Popularity" ("Id", "StatisticsId", "BasicStatistics_Rating", "BasicStatistics_Votes", "BasicStatistics_ReviewCount", "BasicStatistics_OnWatchlistCount", "Date", "Position", "Change", "Views") VALUES (42, 42, 0, 0, 0, 0, '2023-09-17 11:41:04.459959 +00:00', 0, 0, 0);
INSERT INTO public."Popularity" ("Id", "StatisticsId", "BasicStatistics_Rating", "BasicStatistics_Votes", "BasicStatistics_ReviewCount", "BasicStatistics_OnWatchlistCount", "Date", "Position", "Change", "Views") VALUES (43, 43, 0, 0, 0, 0, '2023-09-17 11:41:04.461919 +00:00', 0, 0, 0);
INSERT INTO public."Popularity" ("Id", "StatisticsId", "BasicStatistics_Rating", "BasicStatistics_Votes", "BasicStatistics_ReviewCount", "BasicStatistics_OnWatchlistCount", "Date", "Position", "Change", "Views") VALUES (44, 44, 0, 0, 0, 0, '2023-09-17 11:41:04.463774 +00:00', 0, 0, 0);
INSERT INTO public."Popularity" ("Id", "StatisticsId", "BasicStatistics_Rating", "BasicStatistics_Votes", "BasicStatistics_ReviewCount", "BasicStatistics_OnWatchlistCount", "Date", "Position", "Change", "Views") VALUES (45, 45, 0, 0, 0, 0, '2023-09-17 11:41:04.465648 +00:00', 0, 0, 0);
INSERT INTO public."Popularity" ("Id", "StatisticsId", "BasicStatistics_Rating", "BasicStatistics_Votes", "BasicStatistics_ReviewCount", "BasicStatistics_OnWatchlistCount", "Date", "Position", "Change", "Views") VALUES (46, 46, 0, 0, 0, 0, '2023-09-17 11:41:04.468186 +00:00', 0, 0, 0);
INSERT INTO public."Popularity" ("Id", "StatisticsId", "BasicStatistics_Rating", "BasicStatistics_Votes", "BasicStatistics_ReviewCount", "BasicStatistics_OnWatchlistCount", "Date", "Position", "Change", "Views") VALUES (47, 47, 0, 0, 0, 0, '2023-09-17 11:41:04.471508 +00:00', 0, 0, 0);
INSERT INTO public."Popularity" ("Id", "StatisticsId", "BasicStatistics_Rating", "BasicStatistics_Votes", "BasicStatistics_ReviewCount", "BasicStatistics_OnWatchlistCount", "Date", "Position", "Change", "Views") VALUES (48, 48, 0, 0, 0, 0, '2023-09-17 11:41:04.473678 +00:00', 0, 0, 0);
INSERT INTO public."Popularity" ("Id", "StatisticsId", "BasicStatistics_Rating", "BasicStatistics_Votes", "BasicStatistics_ReviewCount", "BasicStatistics_OnWatchlistCount", "Date", "Position", "Change", "Views") VALUES (49, 49, 0, 0, 0, 0, '2023-09-17 11:41:04.475786 +00:00', 0, 0, 0);
INSERT INTO public."Popularity" ("Id", "StatisticsId", "BasicStatistics_Rating", "BasicStatistics_Votes", "BasicStatistics_ReviewCount", "BasicStatistics_OnWatchlistCount", "Date", "Position", "Change", "Views") VALUES (50, 50, 0, 0, 0, 0, '2023-09-17 11:41:04.477837 +00:00', 0, 0, 0);
INSERT INTO public."Popularity" ("Id", "StatisticsId", "BasicStatistics_Rating", "BasicStatistics_Votes", "BasicStatistics_ReviewCount", "BasicStatistics_OnWatchlistCount", "Date", "Position", "Change", "Views") VALUES (51, 51, 0, 0, 0, 0, '2023-09-17 11:41:04.480015 +00:00', 0, 0, 0);
INSERT INTO public."Popularity" ("Id", "StatisticsId", "BasicStatistics_Rating", "BasicStatistics_Votes", "BasicStatistics_ReviewCount", "BasicStatistics_OnWatchlistCount", "Date", "Position", "Change", "Views") VALUES (52, 52, 0, 0, 0, 0, '2023-09-17 11:41:04.482121 +00:00', 0, 0, 0);
INSERT INTO public."Popularity" ("Id", "StatisticsId", "BasicStatistics_Rating", "BasicStatistics_Votes", "BasicStatistics_ReviewCount", "BasicStatistics_OnWatchlistCount", "Date", "Position", "Change", "Views") VALUES (53, 53, 0, 0, 0, 0, '2023-09-17 11:41:04.484575 +00:00', 0, 0, 0);
INSERT INTO public."Popularity" ("Id", "StatisticsId", "BasicStatistics_Rating", "BasicStatistics_Votes", "BasicStatistics_ReviewCount", "BasicStatistics_OnWatchlistCount", "Date", "Position", "Change", "Views") VALUES (54, 54, 0, 0, 0, 0, '2023-09-26 19:42:13.620284 +00:00', 0, 0, 0);
INSERT INTO public."Popularity" ("Id", "StatisticsId", "BasicStatistics_Rating", "BasicStatistics_Votes", "BasicStatistics_ReviewCount", "BasicStatistics_OnWatchlistCount", "Date", "Position", "Change", "Views") VALUES (55, 55, 0, 0, 0, 0, '2023-10-24 19:23:18.902603 +00:00', 0, 0, 0);
INSERT INTO public."Popularity" ("Id", "StatisticsId", "BasicStatistics_Rating", "BasicStatistics_Votes", "BasicStatistics_ReviewCount", "BasicStatistics_OnWatchlistCount", "Date", "Position", "Change", "Views") VALUES (56, 56, 0, 0, 0, 0, '2023-10-24 19:23:25.770811 +00:00', 0, 0, 0);
INSERT INTO public."Popularity" ("Id", "StatisticsId", "BasicStatistics_Rating", "BasicStatistics_Votes", "BasicStatistics_ReviewCount", "BasicStatistics_OnWatchlistCount", "Date", "Position", "Change", "Views") VALUES (57, 57, 0, 0, 0, 0, '2023-10-24 19:23:32.732822 +00:00', 0, 0, 0);
INSERT INTO public."Popularity" ("Id", "StatisticsId", "BasicStatistics_Rating", "BasicStatistics_Votes", "BasicStatistics_ReviewCount", "BasicStatistics_OnWatchlistCount", "Date", "Position", "Change", "Views") VALUES (58, 58, 0, 0, 0, 0, '2023-10-24 19:42:26.812462 +00:00', 0, 0, 0);
INSERT INTO public."Popularity" ("Id", "StatisticsId", "BasicStatistics_Rating", "BasicStatistics_Votes", "BasicStatistics_ReviewCount", "BasicStatistics_OnWatchlistCount", "Date", "Position", "Change", "Views") VALUES (59, 59, 0, 0, 0, 0, '2023-10-24 20:03:11.254705 +00:00', 0, 0, 0);
INSERT INTO public."Popularity" ("Id", "StatisticsId", "BasicStatistics_Rating", "BasicStatistics_Votes", "BasicStatistics_ReviewCount", "BasicStatistics_OnWatchlistCount", "Date", "Position", "Change", "Views") VALUES (60, 60, 0, 0, 0, 0, '2023-10-24 20:03:21.323017 +00:00', 0, 0, 0);
INSERT INTO public."Popularity" ("Id", "StatisticsId", "BasicStatistics_Rating", "BasicStatistics_Votes", "BasicStatistics_ReviewCount", "BasicStatistics_OnWatchlistCount", "Date", "Position", "Change", "Views") VALUES (61, 61, 0, 0, 0, 0, '2023-10-24 20:06:23.768660 +00:00', 0, 0, 0);
INSERT INTO public."Popularity" ("Id", "StatisticsId", "BasicStatistics_Rating", "BasicStatistics_Votes", "BasicStatistics_ReviewCount", "BasicStatistics_OnWatchlistCount", "Date", "Position", "Change", "Views") VALUES (62, 62, 0, 0, 0, 0, '2023-10-24 20:06:32.012070 +00:00', 0, 0, 0);
INSERT INTO public."Popularity" ("Id", "StatisticsId", "BasicStatistics_Rating", "BasicStatistics_Votes", "BasicStatistics_ReviewCount", "BasicStatistics_OnWatchlistCount", "Date", "Position", "Change", "Views") VALUES (11, 11, 2, 42141, 4432, 432, '2023-09-17 11:41:04.342554 +00:00', 32, 21, 23124);
INSERT INTO public."Popularity" ("Id", "StatisticsId", "BasicStatistics_Rating", "BasicStatistics_Votes", "BasicStatistics_ReviewCount", "BasicStatistics_OnWatchlistCount", "Date", "Position", "Change", "Views") VALUES (63, 11, 43, 54, 5435, 54, '2023-11-05 14:05:33.747000 +00:00', 31, 300, 444444);
INSERT INTO public."Popularity" ("Id", "StatisticsId", "BasicStatistics_Rating", "BasicStatistics_Votes", "BasicStatistics_ReviewCount", "BasicStatistics_OnWatchlistCount", "Date", "Position", "Change", "Views") VALUES (64, 11, 43, 5435, 5435, 534, '2023-10-05 14:05:35.713000 +00:00', 331, -329, 523);
INSERT INTO public."Popularity" ("Id", "StatisticsId", "BasicStatistics_Rating", "BasicStatistics_Votes", "BasicStatistics_ReviewCount", "BasicStatistics_OnWatchlistCount", "Date", "Position", "Change", "Views") VALUES (65, 11, 323, 111110000, 4343, 43434, '2023-08-05 14:06:55.016000 +00:00', 2, 33, 100010);
--staff
INSERT INTO public."Staff" ("Id", "MediaId", "PersonId", "Role") VALUES (14, 'c97f087a-059a-486a-8e2c-3d1db52c612f', 'c19cb04a-2973-48b5-abf3-c1f84f54ee2e', 'director');
INSERT INTO public."Staff" ("Id", "MediaId", "PersonId", "Role") VALUES (15, 'c97f087a-059a-486a-8e2c-3d1db52c612f', '0eef8584-14e3-4307-9b72-b34035254f27', 'actor');
INSERT INTO public."Staff" ("Id", "MediaId", "PersonId", "Role") VALUES (16, 'c97f087a-059a-486a-8e2c-3d1db52c612f', '296f411c-2bdb-4432-a574-e6530d0494bc', 'actor');
INSERT INTO public."Staff" ("Id", "MediaId", "PersonId", "Role") VALUES (17, 'c97f087a-059a-486a-8e2c-3d1db52c612f', '7ce96eec-1c72-4798-8140-10588db7918b', 'producer');
INSERT INTO public."Staff" ("Id", "MediaId", "PersonId", "Role") VALUES (18, 'c97f087a-059a-486a-8e2c-3d1db52c612f', 'e42dada9-f5e6-4b09-8741-ffcae16a335a', 'other');
INSERT INTO public."Staff" ("Id", "MediaId", "PersonId", "Role") VALUES (19, 'c97f087a-059a-486a-8e2c-3d1db52c612f', '6b4c6668-eb64-4efc-9e1f-ab04079f5300', 'actor');
--userClaims
INSERT INTO public."UserClaims" ("Id", "UserId", "ClaimType", "ClaimValue") VALUES (1, 'ec962881-09fa-4227-909d-58446d584d5e', 'id', 'ec962881-09fa-4227-909d-58446d584d5e');
INSERT INTO public."UserClaims" ("Id", "UserId", "ClaimType", "ClaimValue") VALUES (2, 'ec962881-09fa-4227-909d-58446d584d5e', 'email', 'string1@string.pl');
INSERT INTO public."UserClaims" ("Id", "UserId", "ClaimType", "ClaimValue") VALUES (3, 'ec962881-09fa-4227-909d-58446d584d5e', 'displayName', 'Mateusz');
INSERT INTO public."UserClaims" ("Id", "UserId", "ClaimType", "ClaimValue") VALUES (4, 'ec962881-09fa-4227-909d-58446d584d5e', 'age', '22');
INSERT INTO public."UserClaims" ("Id", "UserId", "ClaimType", "ClaimValue") VALUES (5, '05b74d91-f3fc-4a60-87fd-437438be1f85', 'id', '05b74d91-f3fc-4a60-87fd-437438be1f85');
INSERT INTO public."UserClaims" ("Id", "UserId", "ClaimType", "ClaimValue") VALUES (6, '05b74d91-f3fc-4a60-87fd-437438be1f85', 'email', 'string2@string.pl');
INSERT INTO public."UserClaims" ("Id", "UserId", "ClaimType", "ClaimValue") VALUES (8, '05b74d91-f3fc-4a60-87fd-437438be1f85', 'age', '15');
INSERT INTO public."UserClaims" ("Id", "UserId", "ClaimType", "ClaimValue") VALUES (9, '7c8d1217-482a-4c20-9c94-5415a72a6273', 'id', '7c8d1217-482a-4c20-9c94-5415a72a6273');
INSERT INTO public."UserClaims" ("Id", "UserId", "ClaimType", "ClaimValue") VALUES (10, '7c8d1217-482a-4c20-9c94-5415a72a6273', 'email', 'string3@string.pl');
INSERT INTO public."UserClaims" ("Id", "UserId", "ClaimType", "ClaimValue") VALUES (11, '7c8d1217-482a-4c20-9c94-5415a72a6273', 'displayName', 'Tomek');
INSERT INTO public."UserClaims" ("Id", "UserId", "ClaimType", "ClaimValue") VALUES (12, '7c8d1217-482a-4c20-9c94-5415a72a6273', 'age', '18');
INSERT INTO public."UserClaims" ("Id", "UserId", "ClaimType", "ClaimValue") VALUES (13, '5b20afe3-83f9-4119-a344-32dd00ab413a', 'id', '5b20afe3-83f9-4119-a344-32dd00ab413a');
INSERT INTO public."UserClaims" ("Id", "UserId", "ClaimType", "ClaimValue") VALUES (14, '5b20afe3-83f9-4119-a344-32dd00ab413a', 'email', 'string4@string.pl');
INSERT INTO public."UserClaims" ("Id", "UserId", "ClaimType", "ClaimValue") VALUES (15, '5b20afe3-83f9-4119-a344-32dd00ab413a', 'displayName', 'Tomasz');
INSERT INTO public."UserClaims" ("Id", "UserId", "ClaimType", "ClaimValue") VALUES (16, '5b20afe3-83f9-4119-a344-32dd00ab413a', 'age', '60');
INSERT INTO public."UserClaims" ("Id", "UserId", "ClaimType", "ClaimValue") VALUES (17, '9684952f-f386-4650-8562-888427a420b1', 'id', '9684952f-f386-4650-8562-888427a420b1');
INSERT INTO public."UserClaims" ("Id", "UserId", "ClaimType", "ClaimValue") VALUES (18, '9684952f-f386-4650-8562-888427a420b1', 'email', 'string6@string.pl');
INSERT INTO public."UserClaims" ("Id", "UserId", "ClaimType", "ClaimValue") VALUES (19, '9684952f-f386-4650-8562-888427a420b1', 'displayName', 'Ola');
INSERT INTO public."UserClaims" ("Id", "UserId", "ClaimType", "ClaimValue") VALUES (20, '9684952f-f386-4650-8562-888427a420b1', 'age', '99');
INSERT INTO public."UserClaims" ("Id", "UserId", "ClaimType", "ClaimValue") VALUES (21, 'f91c1ed6-4492-4c43-8472-fb4e1151dc87', 'id', 'f91c1ed6-4492-4c43-8472-fb4e1151dc87');
INSERT INTO public."UserClaims" ("Id", "UserId", "ClaimType", "ClaimValue") VALUES (22, 'f91c1ed6-4492-4c43-8472-fb4e1151dc87', 'email', 'string8@string.pl');
INSERT INTO public."UserClaims" ("Id", "UserId", "ClaimType", "ClaimValue") VALUES (23, 'f91c1ed6-4492-4c43-8472-fb4e1151dc87', 'displayName', 'Pawe');
INSERT INTO public."UserClaims" ("Id", "UserId", "ClaimType", "ClaimValue") VALUES (24, 'f91c1ed6-4492-4c43-8472-fb4e1151dc87', 'age', '18');
INSERT INTO public."UserClaims" ("Id", "UserId", "ClaimType", "ClaimValue") VALUES (25, 'c0daa0d7-9224-4f0d-9562-70e29e6c7080', 'id', 'c0daa0d7-9224-4f0d-9562-70e29e6c7080');
INSERT INTO public."UserClaims" ("Id", "UserId", "ClaimType", "ClaimValue") VALUES (26, 'c0daa0d7-9224-4f0d-9562-70e29e6c7080', 'email', 'Gudrun85@hotmail.com');
INSERT INTO public."UserClaims" ("Id", "UserId", "ClaimType", "ClaimValue") VALUES (27, 'c0daa0d7-9224-4f0d-9562-70e29e6c7080', 'displayName', 'Trenton74');
INSERT INTO public."UserClaims" ("Id", "UserId", "ClaimType", "ClaimValue") VALUES (28, 'c0daa0d7-9224-4f0d-9562-70e29e6c7080', 'age', '468');
INSERT INTO public."UserClaims" ("Id", "UserId", "ClaimType", "ClaimValue") VALUES (29, '58473043-2a0e-430c-aed9-20827489ad6e', 'id', '58473043-2a0e-430c-aed9-20827489ad6e');
INSERT INTO public."UserClaims" ("Id", "UserId", "ClaimType", "ClaimValue") VALUES (30, '58473043-2a0e-430c-aed9-20827489ad6e', 'email', 'aaa@aaa.pl');
INSERT INTO public."UserClaims" ("Id", "UserId", "ClaimType", "ClaimValue") VALUES (32, '58473043-2a0e-430c-aed9-20827489ad6e', 'age', '20');
INSERT INTO public."UserClaims" ("Id", "UserId", "ClaimType", "ClaimValue") VALUES (33, '510e8711-fbfc-4031-ab68-e725d91a99e9', 'id', '510e8711-fbfc-4031-ab68-e725d91a99e9');
INSERT INTO public."UserClaims" ("Id", "UserId", "ClaimType", "ClaimValue") VALUES (34, '510e8711-fbfc-4031-ab68-e725d91a99e9', 'email', 'bbb@bbb.pl');
INSERT INTO public."UserClaims" ("Id", "UserId", "ClaimType", "ClaimValue") VALUES (36, '510e8711-fbfc-4031-ab68-e725d91a99e9', 'age', '3');
INSERT INTO public."UserClaims" ("Id", "UserId", "ClaimType", "ClaimValue") VALUES (41, 'f284767a-cb2f-4c74-a3ed-63b4b4cd6a75', 'id', 'f284767a-cb2f-4c74-a3ed-63b4b4cd6a75');
INSERT INTO public."UserClaims" ("Id", "UserId", "ClaimType", "ClaimValue") VALUES (42, 'f284767a-cb2f-4c74-a3ed-63b4b4cd6a75', 'email', 'ddd@d.pl');
INSERT INTO public."UserClaims" ("Id", "UserId", "ClaimType", "ClaimValue") VALUES (43, 'f284767a-cb2f-4c74-a3ed-63b4b4cd6a75', 'displayName', 'qqq');
INSERT INTO public."UserClaims" ("Id", "UserId", "ClaimType", "ClaimValue") VALUES (44, 'f284767a-cb2f-4c74-a3ed-63b4b4cd6a75', 'age', '324');
INSERT INTO public."UserClaims" ("Id", "UserId", "ClaimType", "ClaimValue") VALUES (45, '2abe341b-1133-43dd-bfd7-6121974c91c3', 'id', '2abe341b-1133-43dd-bfd7-6121974c91c3');
INSERT INTO public."UserClaims" ("Id", "UserId", "ClaimType", "ClaimValue") VALUES (46, '2abe341b-1133-43dd-bfd7-6121974c91c3', 'email', 'ppp@ppp.pl');
INSERT INTO public."UserClaims" ("Id", "UserId", "ClaimType", "ClaimValue") VALUES (47, '2abe341b-1133-43dd-bfd7-6121974c91c3', 'displayName', 'ppp');
INSERT INTO public."UserClaims" ("Id", "UserId", "ClaimType", "ClaimValue") VALUES (48, '2abe341b-1133-43dd-bfd7-6121974c91c3', 'age', '20');
INSERT INTO public."UserClaims" ("Id", "UserId", "ClaimType", "ClaimValue") VALUES (49, 'e6872670-2573-4f0c-8f78-9a7d3b35d0c0', 'id', 'e6872670-2573-4f0c-8f78-9a7d3b35d0c0');
INSERT INTO public."UserClaims" ("Id", "UserId", "ClaimType", "ClaimValue") VALUES (50, 'e6872670-2573-4f0c-8f78-9a7d3b35d0c0', 'email', 'lll@lll.pl');
INSERT INTO public."UserClaims" ("Id", "UserId", "ClaimType", "ClaimValue") VALUES (51, 'e6872670-2573-4f0c-8f78-9a7d3b35d0c0', 'displayName', 'asdfg');
INSERT INTO public."UserClaims" ("Id", "UserId", "ClaimType", "ClaimValue") VALUES (52, 'e6872670-2573-4f0c-8f78-9a7d3b35d0c0', 'age', '20');
INSERT INTO public."UserClaims" ("Id", "UserId", "ClaimType", "ClaimValue") VALUES (7, '05b74d91-f3fc-4a60-87fd-437438be1f85', 'displayName', 'Bartosz');
INSERT INTO public."UserClaims" ("Id", "UserId", "ClaimType", "ClaimValue") VALUES (35, '510e8711-fbfc-4031-ab68-e725d91a99e9', 'displayName', 'asd');
INSERT INTO public."UserClaims" ("Id", "UserId", "ClaimType", "ClaimValue") VALUES (31, '58473043-2a0e-430c-aed9-20827489ad6e', 'displayName', 'adDA');
INSERT INTO public."UserClaims" ("Id", "UserId", "ClaimType", "ClaimValue") VALUES (57, '03bc386d-49be-4432-9972-0fce6f5b4f5d', 'id', '03bc386d-49be-4432-9972-0fce6f5b4f5d');
INSERT INTO public."UserClaims" ("Id", "UserId", "ClaimType", "ClaimValue") VALUES (58, '03bc386d-49be-4432-9972-0fce6f5b4f5d', 'email', 'matib620@gmail.com');
INSERT INTO public."UserClaims" ("Id", "UserId", "ClaimType", "ClaimValue") VALUES (59, '03bc386d-49be-4432-9972-0fce6f5b4f5d', 'displayName', 'Mateusz');
INSERT INTO public."UserClaims" ("Id", "UserId", "ClaimType", "ClaimValue") VALUES (60, '03bc386d-49be-4432-9972-0fce6f5b4f5d', 'age', '0');
INSERT INTO public."UserClaims" ("Id", "UserId", "ClaimType", "ClaimValue") VALUES (61, '26e64c7e-4009-45d3-b7c6-7ed56fc46285', 'id', '26e64c7e-4009-45d3-b7c6-7ed56fc46285');
INSERT INTO public."UserClaims" ("Id", "UserId", "ClaimType", "ClaimValue") VALUES (62, '26e64c7e-4009-45d3-b7c6-7ed56fc46285', 'email', 'qqq@qqq.pl');
INSERT INTO public."UserClaims" ("Id", "UserId", "ClaimType", "ClaimValue") VALUES (63, '26e64c7e-4009-45d3-b7c6-7ed56fc46285', 'displayName', 'qqq');
INSERT INTO public."UserClaims" ("Id", "UserId", "ClaimType", "ClaimValue") VALUES (64, '26e64c7e-4009-45d3-b7c6-7ed56fc46285', 'age', '20');
INSERT INTO public."UserClaims" ("Id", "UserId", "ClaimType", "ClaimValue") VALUES (65, '16900a5d-fe02-4b8f-ae31-01e3ce0d1d78', 'id', '16900a5d-fe02-4b8f-ae31-01e3ce0d1d78');
INSERT INTO public."UserClaims" ("Id", "UserId", "ClaimType", "ClaimValue") VALUES (66, '16900a5d-fe02-4b8f-ae31-01e3ce0d1d78', 'email', 'string5@string.pl');
INSERT INTO public."UserClaims" ("Id", "UserId", "ClaimType", "ClaimValue") VALUES (67, '16900a5d-fe02-4b8f-ae31-01e3ce0d1d78', 'displayName', 'string5');
INSERT INTO public."UserClaims" ("Id", "UserId", "ClaimType", "ClaimValue") VALUES (68, '16900a5d-fe02-4b8f-ae31-01e3ce0d1d78', 'age', '20');
INSERT INTO public."UserClaims" ("Id", "UserId", "ClaimType", "ClaimValue") VALUES (77, 'de809e3c-5823-474a-8635-ea1a61e916e2', 'id', 'de809e3c-5823-474a-8635-ea1a61e916e2');
INSERT INTO public."UserClaims" ("Id", "UserId", "ClaimType", "ClaimValue") VALUES (78, 'de809e3c-5823-474a-8635-ea1a61e916e2', 'email', 'aaaa@aaa.pl');
INSERT INTO public."UserClaims" ("Id", "UserId", "ClaimType", "ClaimValue") VALUES (79, 'de809e3c-5823-474a-8635-ea1a61e916e2', 'displayName', 'aaaaaa');
INSERT INTO public."UserClaims" ("Id", "UserId", "ClaimType", "ClaimValue") VALUES (80, 'de809e3c-5823-474a-8635-ea1a61e916e2', 'age', '31');
INSERT INTO public."UserClaims" ("Id", "UserId", "ClaimType", "ClaimValue") VALUES (81, '94190898-3da0-471f-8c22-b35e7d8c87fc', 'id', '94190898-3da0-471f-8c22-b35e7d8c87fc');
INSERT INTO public."UserClaims" ("Id", "UserId", "ClaimType", "ClaimValue") VALUES (82, '94190898-3da0-471f-8c22-b35e7d8c87fc', 'email', 'pay@test.pl');
INSERT INTO public."UserClaims" ("Id", "UserId", "ClaimType", "ClaimValue") VALUES (83, '94190898-3da0-471f-8c22-b35e7d8c87fc', 'displayName', 'payName');
INSERT INTO public."UserClaims" ("Id", "UserId", "ClaimType", "ClaimValue") VALUES (84, '94190898-3da0-471f-8c22-b35e7d8c87fc', 'age', '30');
INSERT INTO public."UserClaims" ("Id", "UserId", "ClaimType", "ClaimValue") VALUES (85, '3a16a2e9-6a08-4023-af10-7b2e56155fcf', 'id', '3a16a2e9-6a08-4023-af10-7b2e56155fcf');
INSERT INTO public."UserClaims" ("Id", "UserId", "ClaimType", "ClaimValue") VALUES (86, '3a16a2e9-6a08-4023-af10-7b2e56155fcf', 'email', 'movieverse.do.not.reply@gmail.com');
INSERT INTO public."UserClaims" ("Id", "UserId", "ClaimType", "ClaimValue") VALUES (87, '3a16a2e9-6a08-4023-af10-7b2e56155fcf', 'displayName', 'Movieverse');
INSERT INTO public."UserClaims" ("Id", "UserId", "ClaimType", "ClaimValue") VALUES (88, '3a16a2e9-6a08-4023-af10-7b2e56155fcf', 'age', '0');
--userRoles
INSERT INTO public."UserRoles" ("UserId", "RoleId") VALUES ('ec962881-09fa-4227-909d-58446d584d5e', 'f6a38890-744e-4a5a-9902-86396d76560d');
INSERT INTO public."UserRoles" ("UserId", "RoleId") VALUES ('7c8d1217-482a-4c20-9c94-5415a72a6273', 'f6a38890-744e-4a5a-9902-86396d76560d');
INSERT INTO public."UserRoles" ("UserId", "RoleId") VALUES ('5b20afe3-83f9-4119-a344-32dd00ab413a', 'f6a38890-744e-4a5a-9902-86396d76560d');
INSERT INTO public."UserRoles" ("UserId", "RoleId") VALUES ('9684952f-f386-4650-8562-888427a420b1', 'f6a38890-744e-4a5a-9902-86396d76560d');
INSERT INTO public."UserRoles" ("UserId", "RoleId") VALUES ('f91c1ed6-4492-4c43-8472-fb4e1151dc87', 'f6a38890-744e-4a5a-9902-86396d76560d');
INSERT INTO public."UserRoles" ("UserId", "RoleId") VALUES ('05b74d91-f3fc-4a60-87fd-437438be1f85', '384464cd-b968-446c-8ebb-634affea9ba4');
INSERT INTO public."UserRoles" ("UserId", "RoleId") VALUES ('c0daa0d7-9224-4f0d-9562-70e29e6c7080', 'f6a38890-744e-4a5a-9902-86396d76560d');
INSERT INTO public."UserRoles" ("UserId", "RoleId") VALUES ('58473043-2a0e-430c-aed9-20827489ad6e', 'f6a38890-744e-4a5a-9902-86396d76560d');
INSERT INTO public."UserRoles" ("UserId", "RoleId") VALUES ('510e8711-fbfc-4031-ab68-e725d91a99e9', 'f6a38890-744e-4a5a-9902-86396d76560d');
INSERT INTO public."UserRoles" ("UserId", "RoleId") VALUES ('f284767a-cb2f-4c74-a3ed-63b4b4cd6a75', 'f6a38890-744e-4a5a-9902-86396d76560d');
INSERT INTO public."UserRoles" ("UserId", "RoleId") VALUES ('05b74d91-f3fc-4a60-87fd-437438be1f85', 'f6a38890-744e-4a5a-9902-86396d76560d');
INSERT INTO public."UserRoles" ("UserId", "RoleId") VALUES ('2abe341b-1133-43dd-bfd7-6121974c91c3', 'f6a38890-744e-4a5a-9902-86396d76560d');
INSERT INTO public."UserRoles" ("UserId", "RoleId") VALUES ('e6872670-2573-4f0c-8f78-9a7d3b35d0c0', 'f6a38890-744e-4a5a-9902-86396d76560d');
INSERT INTO public."UserRoles" ("UserId", "RoleId") VALUES ('03bc386d-49be-4432-9972-0fce6f5b4f5d', 'f6a38890-744e-4a5a-9902-86396d76560d');
INSERT INTO public."UserRoles" ("UserId", "RoleId") VALUES ('26e64c7e-4009-45d3-b7c6-7ed56fc46285', 'f6a38890-744e-4a5a-9902-86396d76560d');
INSERT INTO public."UserRoles" ("UserId", "RoleId") VALUES ('de809e3c-5823-474a-8635-ea1a61e916e2', 'f6a38890-744e-4a5a-9902-86396d76560d');
INSERT INTO public."UserRoles" ("UserId", "RoleId") VALUES ('16900a5d-fe02-4b8f-ae31-01e3ce0d1d78', 'f6a38890-744e-4a5a-9902-86396d76560d');
INSERT INTO public."UserRoles" ("UserId", "RoleId") VALUES ('05b74d91-f3fc-4a60-87fd-437438be1f85', 'cdc1b209-89ef-4584-8f7e-afc0ac91ff89');
INSERT INTO public."UserRoles" ("UserId", "RoleId") VALUES ('94190898-3da0-471f-8c22-b35e7d8c87fc', 'f6a38890-744e-4a5a-9902-86396d76560d');
INSERT INTO public."UserRoles" ("UserId", "RoleId") VALUES ('94190898-3da0-471f-8c22-b35e7d8c87fc', 'cdc1b209-89ef-4584-8f7e-afc0ac91ff89');
INSERT INTO public."UserRoles" ("UserId", "RoleId") VALUES ('3a16a2e9-6a08-4023-af10-7b2e56155fcf', 'f6a38890-744e-4a5a-9902-86396d76560d');
INSERT INTO public."UserRoles" ("UserId", "RoleId") VALUES ('03bc386d-49be-4432-9972-0fce6f5b4f5d', 'cdc1b209-89ef-4584-8f7e-afc0ac91ff89');
--UserTokens
INSERT INTO public."UserTokens" ("UserId", "LoginProvider", "Name", "Value") VALUES ('26e64c7e-4009-45d3-b7c6-7ed56fc46285', 'Password', 'RefreshToken', 'YGzbvS/VNzbtPfLwJfLRmCpnw4l4gyzoYnl33mWQxrmzshdTiehA7LbXYGnPkffPFCubKHLUwjM4umsPMuiuBQ==');
INSERT INTO public."UserTokens" ("UserId", "LoginProvider", "Name", "Value") VALUES ('94190898-3da0-471f-8c22-b35e7d8c87fc', 'Password', 'RefreshToken', '0jIBfWhQ6BR2f5YFhLUtrZnBDm3ptf7bDr+LOLMDTzK3sQI6adZPtfFtu/RpS8AmFo22NQjuQ5zaPWQMoIEM7Q==');
INSERT INTO public."UserTokens" ("UserId", "LoginProvider", "Name", "Value") VALUES ('58473043-2a0e-430c-aed9-20827489ad6e', 'Password', 'RefreshToken', 'bcYgxuPdpnfdsWd0QZ1uFKOaMOWv55MPXSQ8oarkAiBHO/ajhxQ+Nruy/NSX6Ousl9WEtEAh/Vr1cWozmNgL/g==');
--GenreMedia
INSERT INTO public."GenreMedia" ("GenresId", "MediaId") VALUES ('1', 'c97f087a-059a-486a-8e2c-3d1db52c612f');
INSERT INTO public."GenreMedia" ("GenresId", "MediaId") VALUES ('6', 'c97f087a-059a-486a-8e2c-3d1db52c612f');
INSERT INTO public."GenreMedia" ("GenresId", "MediaId") VALUES ('5', 'c97f087a-059a-486a-8e2c-3d1db52c612f');
INSERT INTO public."GenreMedia" ("GenresId", "MediaId") VALUES ('18', 'c97f087a-059a-486a-8e2c-3d1db52c612f');


--Naprawa automatycznie generowanych Id typu Integer
--np.: SELECT SETVAL((SELECT PG_GET_SERIAL_SEQUENCE('"MediaContentIds"', 'Id')), (SELECT (MAX("Id") + 1) FROM "MediaContentIds"), FALSE);